,Ссылка,Название,Цена,Рассрочка,Диагональ экрана,Разрешение экрана,Частота обновления экрана,Тип матрицы,Процессор,Видеокарта,Размер оперативной памяти,Тип жесткого диска,Общий объем накопителей
0,https://kaspi.kz/shop/p/acer-nitro-5-an515-57-nh-qeker-004-chernyi-108194028/?c=710000000,Ноутбук Acer Nitro 5 AN515-57 NH.QEKER.004 черный,439 990 ₸,27 837 ₸,15.6 дюйм,1920x1080,144 Гц,IPS,Intel Core i5 11400H,NVIDIA GeForce GTX 1650,16 ГБ,SSD,512 ГБ
1,https://kaspi.kz/shop/p/asus-tuf-gaming-a15-fa506ihrb-hn082-90nr07g7-m008e0-chernyi-105681649/?c=710000000,Ноутбук ASUS TUF Gaming A15 FA506IHRB-HN082 90NR07G7-M008E0 черный,399 990 ₸,25 306 ₸,15.6 дюйм,1920x1080 Full HD,144 Гц,IPS,AMD Ryzen 5 4600H,NVIDIA GeForce GTX 1650,16 ГБ,SSD,512 ГБ
2,https://kaspi.kz/shop/p/acer-nitro-5-an515-58-74xd-nh-qfmer-00d-chernyi-106607259/?c=710000000,Ноутбук Acer Nitro 5 AN515-58-74XD NH.QFMER.00D черный,659 857 ₸,41 747 ₸,15.6 дюйм,1920x1080 Full HD,144 Гц,IPS,Intel Core i7 12700H,NVIDIA GeForce RTX 3060,16 ГБ,SSD,512 ГБ
3,https://kaspi.kz/shop/p/asus-tuf-fx506hc-hn105-90nr0724-m02760-chernyi-102018884/?c=710000000,Ноутбук ASUS TUF FX506HC-HN105 90NR0724-M02760 черный,499 890 ₸,31 627 ₸,15.6 дюйм,"1920x1080, широкоформатный",144 Гц,IPS,Intel Core i5 11400H,NVIDIA GeForce RTX 3050,16 ГБ,SSD,512 ГБ
4,https://kaspi.kz/shop/p/lenovo-legion-5-17ach6-82k000acrk-temno-sinii-107130212/?c=710000000,Ноутбук Lenovo Legion 5 17ACH6 82K000ACRK темно-синий,624 900 ₸,39 536 ₸,17.3 дюйм,1920x1080 Full HD,144 Гц,IPS,AMD Ryzen 7 5800H,NVIDIA GeForce RTX 3050,16 ГБ,SSD,512 ГБ
5,https://kaspi.kz/shop/p/asus-vivobook-pro-15-oled-k6500zc-ma359-90nb0xk1-m00mj0-temno-sinii-107424834/?c=710000000,Ноутбук ASUS Vivobook Pro 15 OLED K6500ZC-MA359 90NB0XK1-M00MJ0 темно-синий,549 990 ₸,34 796 ₸,15.6 дюйм,2880x1620,120 Гц,OLED,Intel Core i5 12500H,NVIDIA GeForce RTX 3050,16 ГБ,SSD,512 ГБ
6,https://kaspi.kz/shop/p/acer-an515-57-nh-qeler-00c-chernyi-107574471/?c=710000000,Ноутбук Acer AN515-57 NH.QELER.00C черный,489 990 ₸,31 000 ₸,15.6 дюйм,1920x1080 Full HD,144 Гц,IPS,Intel 11400H,NVIDIA GeForce RTX 3050,16 ГБ,SSD,512 ГБ
7,https://kaspi.kz/shop/p/asus-vivobook-pro15-m6500qc-hn118-90nb0yn1-m006n0-sinii-106530982/?c=710000000,Ноутбук ASUS Vivobook Pro15 M6500QC-HN118 90NB0YN1-M006N0 синий,499 990 ₸,31 633 ₸,15.6 дюйм,1920x1080 Full HD,144 Гц,IPS,AMD Ryzen 7 5800H,NVIDIA GeForce RTX 3050,16 ГБ,SSD,512 ГБ
8,https://kaspi.kz/shop/p/asus-vivobook-pro15-m6500qc-hn058-90nb0yn1-m004t0-sinii-106531003/?c=710000000,Ноутбук ASUS Vivobook Pro15 M6500QC-HN058 90NB0YN1-M004T0 синий,458 990 ₸,29 039 ₸,15.6 дюйм,1920x1080 Full HD,144 Гц,IPS,AMD Ryzen 5 5600H,NVIDIA GeForce RTX 3050,16 ГБ,SSD,512 ГБ
9,https://kaspi.kz/shop/p/hp-victus-16-e0008ur-489h1ea-temno-seryi-107706136/?c=710000000,Ноутбук HP Victus 16-e0008ur 489H1EA темно-серый,569 800 ₸,36 050 ₸,16.1 дюйм,1920x1080 Full HD,144 Гц,IPS,AMD Ryzen 5 5600H,NVIDIA GeForce RTX 3060,16 ГБ,SSD,512 ГБ
10,https://kaspi.kz/shop/p/asus-tuf-gaming-f17-fx706h-90nr0733-m00720-seryi-101880032/?c=710000000,Ноутбук ASUS TUF Gaming F17 FX706H 90NR0733-M00720 серый,557 568 ₸,35 276 ₸,17.3 дюйм,1920х1080 Full HD,144 Гц,IPS,Intel Core i5 11400H,NVIDIA GeForce RTX 3050,16 ГБ,SSD,512 ГБ
11,https://kaspi.kz/shop/p/asus-rog-strix-g15-g513ie-hn004-90nr0582-m01010-chernyi-102527694/?c=710000000,Ноутбук ASUS ROG Strix G15 G513IE-HN004 90NR0582-M01010 черный,594 893 ₸,37 637 ₸,15.6 дюйм,1920х1080 Full HD,144 Гц,IPS,AMD Ryzen 7 4800H,NVIDIA GeForce RTX 3050Ti,16 ГБ,SSD,512 ГБ
12,https://kaspi.kz/shop/p/hp-victus-16-e0051ur-4l678ea-sinii-107222252/?c=710000000,Ноутбук HP Victus 16-e0051ur 4L678EA синий,529 890 ₸,33 525 ₸,16.1 дюйм,1920x1080 Full HD,144 Гц,IPS,AMD Ryzen 5 5600H,NVIDIA GeForce RTX 3050 Ti,16 ГБ,SSD,512 ГБ
13,https://kaspi.kz/shop/p/asus-fx506lhb-hn324-90nr03u2-m007u0-chernyi-107917099/?c=710000000,Ноутбук ASUS FX506LHB-HN324 90NR03U2-M007U0 черный,419 990 ₸,26 572 ₸,15.6 дюйм,1920x1080 Full HD,90 Гц,IPS,Intel Core i5 10300H,NVIDIA GeForce GTX 1650,16 ГБ,SSD,512 ГБ
14,https://kaspi.kz/shop/p/huawei-matebook-d-15-bom-wfq9-53013hst-serebristyi-106763180/?c=710000000,Ноутбук Huawei MateBook D 15 BoM-WFQ9 53013HST серебристый,399 990 ₸,25 306 ₸,15.6 дюйм,1920x1080 Full HD,60 Гц,IPS,AMD Ryzen 5 5500U,AMD Radeon Graphics,16 ГБ,SSD,512 ГБ
15,https://kaspi.kz/shop/p/asus-tuf-gaming-f15-fx506hc-hn006-90nr0723-m02580-seryi-104257611/?c=710000000,Ноутбук ASUS TUF Gaming F15 FX506HC-HN006 90NR0723-M02580 серый,519 990 ₸,32 898 ₸,15.6 дюйм,1920x1080 Full HD,144 Гц,IPS,Intel Core i5 11400H,NVIDIA GeForce RTX 3050,16 ГБ,SSD,512 ГБ
16,https://kaspi.kz/shop/p/apple-macbook-pro-16-mk193-seryi-102866164/?c=710000000,Ноутбук Apple MacBook Pro 16 MK193 серый,1 296 559 ₸,82 029 ₸,16.2 дюйм,"3456x2234, Liquid Retina XDR",120 Гц,IPS,Apple M1 Pro,Apple M1 16-Core,16 ГБ,SSD,1024 ГБ
17,https://kaspi.kz/shop/p/lenovo-ideapad-3-15aba7-82rn00cqrk-seryi-108560527/?c=710000000,Ноутбук Lenovo IdeaPad 3 15ABA7 82RN00CQRK серый,319 990 ₸,20 245 ₸,15.6 дюйм,1920x1080 Full HD,60 Гц,IPS,AMD Ryzen 5 5625U,AMD Radeon Graphics,16 ГБ,SSD,512 ГБ
18,https://kaspi.kz/shop/p/asus-tuf-gaming-f17-fx706hc-hx007-90nb0tt2-m07390-chernyi-105305733/?c=710000000,Ноутбук ASUS TUF Gaming F17 FX706HC-HX007 90NB0TT2-M07390 черный,559 990 ₸,35 429 ₸,17.3 дюйм,1920x1080,144 Гц,IPS,Intel Core i5 11400H,NVIDIA GeForce RTX 3050,16 ГБ,SSD,512 ГБ
19,https://kaspi.kz/shop/p/asus-tuf-fx706he-hx010-90nr0713-m00990-seryi-102789330/?c=710000000,Ноутбук ASUS TUF FX706HE-HX010 90NR0713-M00990 серый,579 990 ₸,36 694 ₸,17.3 дюйм,"1920x1080, широкоформатный",144 Гц,IPS,Intel Core i5 11400H,NVIDIA GeForce RTX 3050 Ti,16 ГБ,SSD,512 ГБ
20,https://kaspi.kz/shop/p/asus-x515ja-bq3253-90nb0sr1-m02lc0-seryi-107650904/?c=710000000,Ноутбук ASUS X515JA-BQ3253 90NB0SR1-M02LC0 серый,354 950 ₸,22 457 ₸,15.6 дюйм,1920x1080,60 Гц,IPS,Intel Core i7 1065G7 ,Intel Iris Plus Graphics ,16 ГБ,SSD,512 ГБ
21,https://kaspi.kz/shop/p/asus-vivobook-15x-oled-x1503za-l1493-90nb0wy1-m00p90-sinii-107930226/?c=710000000,Ноутбук ASUS VivoBook 15X OLED X1503ZA-L1493 90NB0WY1-M00P90 синий,359 990 ₸,22 776 ₸,15.6 дюйм,1920x1080,60 Гц,OLED,Intel Core i3 1220P,Intel UHD Graphics,16 ГБ,SSD,512 ГБ
22,https://kaspi.kz/shop/p/asus-m6500qc-ma035-90nb0yn1-m001a0-temno-sinii-107705038/?c=710000000,Ноутбук ASUS M6500QC-MA035 90NB0YN1-M001A0 темно-синий,529 990 ₸,33 531 ₸,15.6 дюйм,2880x1620 2.8K,120 Гц,OLED,AMD Ryzen 7 5800H,NVIDIA GEFORCE RTX 3050,16 ГБ,SSD,512 ГБ
23,https://kaspi.kz/shop/p/hp-envy-x360-tooch-15-eu0046ur-60p14ea-chernyi-106944617/?c=710000000,Ноутбук HP ENVY x360 Tooch 15-eu0046ur 60P14EA черный,459 990 ₸,29 102 ₸,15.6 дюйм,1920x1080 Full HD,60 Гц,IPS,AMD Ryzen 5 5500U,AMD Radeon Graphics,16 ГБ,SSD,512 ГБ
24,https://kaspi.kz/shop/p/hp-victus-16-d1059ci-6k317ea-seryi-106230467/?c=710000000,Ноутбук HP VICTUS 16-d1059ci 6K317EA серый,599 890 ₸,37 953 ₸,16.1 дюйм,1920x1080 Full HD,144 Гц,IPS, Intel Core i5-12500H,NVIDIA GeForce RTX 3050 Ti,16 ГБ,SSD,512 ГБ
25,https://kaspi.kz/shop/p/acer-nitro-5-an515-57-nh-qewer-004-chernyi-108115054/?c=710000000,Ноутбук Acer Nitro 5 AN515-57 NH.QEWER.004 черный,599 990 ₸,37 960 ₸,15.6 дюйм,1920x1080 Full HD,60 Гц,IPS,Intel Core i5 11400H,NVIDIA RTX GeForce 3060,16 ГБ,SSD,512 ГБ
26,https://kaspi.kz/shop/p/lenovo-legion-5-pro-16ach6h-82jq010crk-seryi-106652334/?c=710000000,Ноутбук Lenovo Legion 5 Pro 16ACH6H 82JQ010CRK серый,699 990 ₸,44 286 ₸,16 дюйм,2560x1600,165 Гц,IPS,AMD Ryzen 7 5800H,NVIDIA GeForce RTX 3060,16 ГБ,SSD,1000 ГБ
27,https://kaspi.kz/shop/p/apple-macbook-pro-16-mk183-seryi-102892102/?c=710000000,Ноутбук Apple MacBook Pro 16 MK183 серый,1 119 630 ₸,70 836 ₸,16.2 дюйм,"3456x2234, Liquid Retina XDR",120 Гц,IPS,Apple M1 Pro,Apple M1 16-Core,16 ГБ,SSD,512 ГБ
28,https://kaspi.kz/shop/p/acer-aspire-7-a715-42g-nh-qe5er-001-chernyi-106803726/?c=710000000,Ноутбук Acer Aspire 7 A715-42G NH.QE5ER.001 черный,539 990 ₸,34 164 ₸,15.6 дюйм,1920x1080,144 Гц,IPS,AMD Ryzen 7 5700U,NVIDIA GeForce RTX 3050,16 ГБ,SSD,512 ГБ
29,https://kaspi.kz/shop/p/hp-pavilion-15-eh2046ci-79b15ea-serebristyi-108539020/?c=710000000,Ноутбук HP Pavilion 15-eh2046ci 79B15EA серебристый,379 990 ₸,24 041 ₸,15.6 дюйм,1920x1080 Full HD,60 Гц,IPS,AMD Ryzen 5 5625U,AMD Radeon Graphics,16 ГБ,SSD,512 ГБ
30,https://kaspi.kz/shop/p/asus-tuf-gaming-f17-fx706hm-hx031-90nr0743-m02660-seryi-104989151/?c=710000000,Ноутбук ASUS TUF Gaming F17 FX706HM-HX031 90NR0743-M02660 серый,679 931 ₸,43 017 ₸,17.3 дюйм,1920x1080 Full HD,144 Гц,IPS,Intel Core i5 11400H,NVIDIA GeForce RTX 3060,16 ГБ,SSD,512 ГБ
31,https://kaspi.kz/shop/p/hp-15-eh2038ci-6m875ea-serebristyi-105869326/?c=710000000,Ноутбук HP 15-eh2038ci 6M875EA серебристый,399 890 ₸,25 300 ₸,15.6 дюйм,1920x1080,60 Гц,IPS,AMD Ryzen 5 5625U,AMD Radeon Graphics,16 ГБ,SSD,512 ГБ
32,https://kaspi.kz/shop/p/huawei-matebook-d16-rollef-w5651-seryi-podarok-108214524/?c=710000000,Ноутбук Huawei MateBook D16 ROLLEF-W5651 серый + подарок,499 990 ₸,31 633 ₸,16 дюйм,1920x1200 Full HD+,60 Гц,IPS,Intel Core i5-12500H,Intel Iris Xe Graphics,16 ГБ,SSD,512 ГБ
33,https://kaspi.kz/shop/p/lenovo-82jk00lprk-legion-5-15ith6-temno-sinii-107917586/?c=710000000,Ноутбук Lenovo 82JK00LPRK Legion 5 15ITH6 темно-синий,649 990 ₸,41 123 ₸,15.6 дюйм,1920x1080,165 Гц,IPS,Intel Core i7 11800H,NVIDIA GeForce RTX 3050 Ti,16 ГБ,SSD,512 ГБ
34,https://kaspi.kz/shop/p/hp-15s-fq5031c-6j5y1ea-uuq-seryi-106111761/?c=710000000,Ноутбук HP 15s-fq5031c 6J5Y1EA#UUQ серый,379 990 ₸,24 041 ₸,15.6 дюйм,1920x1080,60 Гц,IPS,Intel Core i5-1235U,Intel® Iris® Xᵉ,16 ГБ,SSD,512 ГБ
35,https://kaspi.kz/shop/p/asus-tuf-gaming-f15-fx506hc-hn006-chernyi-101932360/?c=710000000,Ноутбук ASUS TUF Gaming F15 FX506HC-HN006 черный,539 696 ₸,34 145 ₸,15.6 дюйм,1920x1080,144 Гц,IPS,Intel Core i5 11400H,Nvidia GeForce RTX3050,16 ГБ,SSD,512 ГБ
36,https://kaspi.kz/shop/p/lenovo-ideapad-3-15iau7-82rk00hxrk-seryi-108560516/?c=710000000,Ноутбук Lenovo IdeaPad 3 15IAU7 82RK00HXRK серый,349 990 ₸,22 143 ₸,15.6 дюйм,1920x1080 Full HD,60 Гц,IPS,Intel Core i5 1235U,Intel Iris Xe Graphics,16 ГБ,SSD,512 ГБ
37,https://kaspi.kz/shop/p/lenovo-legion-5-17ach6-82k00006rk-sinii-102716090/?c=710000000,Ноутбук Lenovo Legion 5 17ACH6 82K00006RK синий,609 990 ₸,38 592 ₸,17.3 дюйм,"1920x1080, широкоформатный",144 Гц,IPS,AMD Ryzen 7 5800H,NVIDIA GeForce RTX 3050,16 ГБ,SSD,512 ГБ
38,https://kaspi.kz/shop/p/lenovo-legion-5-pro-16iah7h-82rf00durk-seryi-107222212/?c=710000000,Ноутбук Lenovo Legion 5 Pro 16IAH7H 82RF00DURK серый,995 990 ₸,63 013 ₸,16 дюйм,2560x1600 2.5K,165 Гц,IPS,Intel Core i7 12700H,NVIDIA GeForce RTX 3070 Ti,16 ГБ,SSD,1024 ГБ
39,https://kaspi.kz/shop/p/lenovo-ideapad-gaming-3-15ach6-82k201quru-chernyi-106887936/?c=710000000,Ноутбук Lenovo IdeaPad Gaming 3 15ACH6 82K201QURU черный,679 990 ₸,43 021 ₸,15.6 дюйм,1920x1080 Full HD,120 Гц,IPS,AMD Ryzen 5 5600H,NVIDIA GeForce RTX 3060,16 ГБ,SSD,512 ГБ
40,https://kaspi.kz/shop/p/hp-pavilion-15-eg2012ci-6g7z7ea-sinii-107524976/?c=710000000,Ноутбук HP Pavilion 15-eg2012ci 6G7Z7EA синий,495 900 ₸,31 374 ₸,15.6 дюйм,1920x1080 Full HD,60 Гц,IPS,Intel Core i7-1255U,Intel Iris Xe,16 ГБ,SSD,512 ГБ
41,https://kaspi.kz/shop/p/asus-rog-zephyrus-m16-gu603ze-k8033-90nr0941-m002e0-chernyi-104385889/?c=710000000,Ноутбук ASUS ROG Zephyrus M16 GU603ZE-K8033 90NR0941-M002E0 черный,899 900 ₸,56 934 ₸,16 дюйм,2560x1600 WQXGA,165 Гц,IPS,Intel Core i7-12700H,NVIDIA GeForce RTX 3050 Ti,16 ГБ,SSD,512 ГБ
42,https://kaspi.kz/shop/p/acer-nitro-5-an515-57-nh-qfger-002-chernyi-107933740/?c=710000000,Ноутбук ACER Nitro 5 AN515-57 NH.QFGER.002 черный,829 990 ₸,52 511 ₸,15.6 дюйм,1920x1080 Full HD,144 Гц,IPS,Intel Core i7 11800H,NVIDIA GeForce RTX 3070,16 ГБ,SSD,1000 ГБ
43,https://kaspi.kz/shop/p/asus-tuf-dash-f15-fx517zm-hn073-90nr09q3-m00fu0-chernyi-107574539/?c=710000000,Ноутбук ASUS TUF Dash F15 FX517ZM-HN073 90NR09Q3-M00FU0 черный,799 990 ₸,50 613 ₸,15.6 дюйм,1920x1080 Full HD,144 Гц,IPS,Intel Core i7 12650H,NVIDIA GeForce RTX 3060,16 ГБ,SSD,1024 ГБ
44,https://kaspi.kz/shop/p/acer-predator-triton-pt516-52s-nh-qfqer-002-seryi-106874078/?c=710000000,Ноутбук Acer Predator Triton PT516-52S NH.QFQER.002 серый,1 299 990 ₸,82 246 ₸,16 дюйм,2560x1600 2.5K,240 Гц,LCD,Intel Core i7 12700H,NVIDIA GeForce RTX 3070 Ti,16 ГБ,SSD,1024 ГБ
45,https://kaspi.kz/shop/p/acer-swift-x-sfx-16-51g-nx-ayler-001-seryi-106874756/?c=710000000,Ноутбук Acer Swift X SFX-16-51G NX.AYLER.001 серый,679 990 ₸,43 021 ₸,16.1 дюйм,1920x1080 Full HD,60 Гц,LCD,Intel Core i7 11390H,NVIDIA GeForce RTX 3050 Ti,16 ГБ,SSD,1024 ГБ
46,https://kaspi.kz/shop/p/acer-aspire-7-a715-42g-nh-qe5er-006-chernyi-106873604/?c=710000000,Ноутбук Acer Aspire 7 A715-42G NH.QE5ER.006 черный,599 990 ₸,37 960 ₸,15.6 дюйм,1920x1080 Full HD,144 Гц,IPS,AMD Ryzen 7 5700U,NVIDIA GeForce RTX 3050,16 ГБ,SSD,512 ГБ
47,https://kaspi.kz/shop/p/lenovo-ideapad-3-15alc6-82rn00aqrk-seryi-107086797/?c=710000000,Ноутбук Lenovo IdeaPad 3 15ALC6 82RN00AQRK серый,399 990 ₸,25 306 ₸,15.6 дюйм,1920x1080 Full HD,60 Гц,IPS,AMD Ryzen 5 5625U,AMD Radeon Graphics,16 ГБ,SSD,512 ГБ
48,https://kaspi.kz/shop/p/lenovo-legion-5-pro-16ach6h-82rg0099rk-seryi-106615258/?c=710000000,Ноутбук Lenovo Legion 5 Pro 16ACH6H 82RG0099RK серый,1 059 990 ₸,67 062 ₸,16 дюйм,2560x1600,165 Гц,IPS,AMD Ryzen 7 6800H,NVIDIA GeForce RTX 3070,16 ГБ,SSD,1000 ГБ
49,https://kaspi.kz/shop/p/hp-victus-16-e1050ci-6k3c9ea-chernyi-106763267/?c=710000000,Ноутбук HP Victus 16-e1050ci 6K3C9EA черный,567 890 ₸,35 929 ₸,16.1 дюйм,1920x1080 Full HD,144 Гц,IPS,AMD Ryzen 5 6600H,GeForce RTX 3050 Ti,16 ГБ,SSD,512 ГБ
50,https://kaspi.kz/shop/p/lenovo-legion-5-15ach6h-82ju018vrk-chernyi-106615277/?c=710000000,Ноутбук Lenovo Legion 5 15ACH6H 82JU018VRK черный,695 990 ₸,44 033 ₸,15.6 дюйм,1920x1080,120 Гц,IPS,AMD Ryzen 5 5600H,NVIDIA GeForce RTX 3060,16 ГБ,SSD,1000 ГБ
51,https://kaspi.kz/shop/p/huawei-matebook-d15-bohrm-wfq9a-serebristyi-106550751/?c=710000000,Ноутбук Huawei MateBook D15 BohrM-WFQ9A серебристый,395 695 ₸,25 035 ₸,15.6 дюйм,1920x1080 Full HD,60 Гц,IPS,AMD Ryzen 3 5500U,AMD Radeon Graphics,16 ГБ,SSD,512 ГБ
52,https://kaspi.kz/shop/p/asus-tuf-dashf15-fx517zm-hn093-90nr09q3-m007b0-chernyi-106299715/?c=710000000,Ноутбук ASUS TUF DashF15 FX517ZM-HN093 90NR09Q3-M007B0 черный,711 610 ₸,45 022 ₸,15.6 дюйм,1920x1080,144 Гц,IPS,Intel Core i7 12650H,NVIDIA GeForce RTX 3060,16 ГБ,SSD,512 ГБ
53,https://kaspi.kz/shop/p/asus-vivobook-x1603za-mb021w-90nb0wb1-m009e0-sinii-108333826/?c=710000000,Ноутбук ASUS Vivobook X1603ZA-MB021W 90NB0WB1-M009E0 синий,469 990 ₸,29 735 ₸,16 дюйм,1920x1080 Full HD,60 Гц,IPS,Intel Core i5 12500H,Intel UHD Graphics,16 ГБ,SSD,512 ГБ
54,https://kaspi.kz/shop/p/lenovo-ideapad-gaming-3-15ach6-82k2002drk-chernyi-105087521/?c=710000000,Ноутбук Lenovo IdeaPad Gaming 3 15ACH6 82K2002DRK черный,599 988 ₸,37 960 ₸,15.6 дюйм,1920x1080,120 Гц,IPS,AMD Ryzen 5 5600H,GeForce RTX 3050 Ti,16 ГБ,SSD,512 ГБ
55,https://kaspi.kz/shop/p/asus-tuf-f15-fx506hm-hn016-90nr0754-m003e0-chernyi-103394916/?c=710000000,Ноутбук ASUS TUF F15 FX506HM-HN016 90NR0754-M003E0 черный,639 990 ₸,40 490 ₸,15.6 дюйм,"1920x1080, широкоформатный",60 Гц,IPS,Intel Core i5-11400H,NVIDIA GeForce RTX 3060,16 ГБ,SSD,512 ГБ
56,https://kaspi.kz/shop/p/lenovo-thinkbook-15p-g2-ith-21b10023ru-seryi-107932211/?c=710000000,Ноутбук Lenovo ThinkBook 15p G2 ITH 21B10023RU серый,564 990 ₸,35 745 ₸,15.6 дюйм,1920 x 1080 Full HD,60 Гц,IPS,Intel Core i7 11800H,NVIDIA GeForce GTX 1650,16 ГБ,SSD,512 ГБ
57,https://kaspi.kz/shop/p/hp-pavilion-15-eh2064ci-79b16ea-uuq-serebristyi-108530893/?c=710000000,Ноутбук HP Pavilion 15-eh2064ci 79B16EA#UUQ серебристый,379 990 ₸,24 041 ₸,15.6 дюйм,1920x1080,60 Гц,IPS,AMD Ryzen 7 5825U,AMD Radeon Graphics,16 ГБ,SSD,512 ГБ
58,https://kaspi.kz/shop/p/hp-victus-15-fa0035ci-6x7n2ea-belyi-108487820/?c=710000000,Ноутбук HP Victus 15-fa0035ci 6X7N2EA белый,529 990 ₸,33 531 ₸,15.6 дюйм,1920x1080 Full HD,144 Гц,IPS,Intel Core i5-12500H,NVIDIA GeForce RTX 3050,16 ГБ,SSD,512 ГБ
59,https://kaspi.kz/shop/p/lenovo-legion-5-pro-16ith6-82jf0082rk-belyi-107917480/?c=710000000,Ноутбук Lenovo Legion 5 Pro 16ITH6 82JF0082RK белый,629 990 ₸,39 858 ₸,16 дюйм,2560x1600,165 Гц,IPS,Intel Core i5 11400H,NVIDIA GeForce RTX 3050 Ti,16 ГБ,SSD,512 ГБ
60,https://kaspi.kz/shop/p/hp-victus-15-fb0030ci-6m877ea-seryi-105985098/?c=710000000,Ноутбук HP Victus 15-fb0030ci 6M877EA серый,550 000 ₸,34 797 ₸,15.6 дюйм,1920x1080,144 Гц,IPS,AMD Ryzen 5 5600H,AMD Radeon RX6500M,16 ГБ,SSD,512 ГБ
61,https://kaspi.kz/shop/p/asus-rog-zephyrus-m16-gu603zm-k8005w-90nr0822-m001h0-chernyi-106255104/?c=710000000,Ноутбук ASUS ROG Zephyrus M16 GU603ZM-K8005W 90NR0822-M001H0 черный,1 199 900 ₸,75 914 ₸,16 дюйм, 2560x1600,165 Гц,IPS,Intel Core i7-12700H,nVidia GeForce RTX 3060,16 ГБ,SSD,512 ГБ
62,https://kaspi.kz/shop/p/msi-katana-gf66-12ue-12ue-1227xkz-temno-seryi-108002378/?c=710000000,Ноутбук MSI Katana GF66 12UE 12UE-1227XKZ темно-серый,877 338 ₸,55 507 ₸,15.6 дюйм,1920x1080 Full HD,240 Гц,IPS,Intel Core i7-12650H,NVIDIA GeForce RTX 3060,16 ГБ,SSD,1024 ГБ
63,https://kaspi.kz/shop/p/lenovo-ideapad-gaming-3-16iah7-82sa00gurk-temno-seryi-108560543/?c=710000000,Ноутбук Lenovo IdeaPad Gaming 3 16IAH7 82SA00GURK темно-серый,599 990 ₸,37 960 ₸,16 дюйм,1920x1080 Full HD+,165 Гц,IPS,Intel Core i5 12450H,NVIDIA GeForce RTX 3050 Ti,16 ГБ,SSD,512 ГБ
64,https://kaspi.kz/shop/p/asus-tuf-dash-f15-fx517ze-hn050-90nr0953-m00970-chernyi-108177699/?c=710000000,Ноутбук ASUS TUF Dash F15 FX517ZE-HN050 90NR0953-M00970 черный,634 165 ₸,40 122 ₸,15.6 дюйм,1920x1080,144 Гц,IPS,Intel Core i7 12650H,NVIDIA GeForce RTX 3050 Ti,16 ГБ,SSD,512 ГБ
65,https://kaspi.kz/shop/p/lenovo-legion-5-15arh7h-82rd006krk-seryi-107131193/?c=710000000,Ноутбук Lenovo Legion 5 15ARH7H 82RD006KRK серый,772 950 ₸,48 902 ₸,16 дюйм,2560x1440 WQHD,165 Гц,IPS,AMD Ryzen 7 6800H,NVIDIA GeForce RTX 3060,16 ГБ,SSD,1000 ГБ
66,https://kaspi.kz/shop/p/lenovo-thinkbook-15-g2-itl-20ve00rrru-seryi-106413196/?c=710000000,Ноутбук Lenovo ThinkBook 15 G2 ITL 20VE00RRRU серый,749 990 ₸,47 450 ₸,15.6 дюйм,1920x1080,60 Гц,IPS,Intel Core i7 1165G7,Intel Iris Xe Graphics,16 ГБ,SSD,512 ГБ
67,https://kaspi.kz/shop/p/msi-modern-15-b12m-213x-9s7-15h112-213-chernyi-108646212/?c=710000000,Ноутбук MSI Modern 15 B12M-213X 9S7-15H112-213 черный,329 990 ₸,20 878 ₸,15.6 дюйм,1920x1080 Full HD,60 Гц,IPS,Intel Core i5-1235U,Intel Iris Xe Graphics,16 ГБ,SSD,512 ГБ
68,https://kaspi.kz/shop/p/lenovo-ideapad-gaming-3-15ach6-82k200ltrk-chernyi-102591716/?c=710000000,Ноутбук Lenovo IdeaPad Gaming 3 15ACH6 82K200LTRK черный,649 604 ₸,41 099 ₸,15.6 дюйм,1920х1080 Full HD,60 Гц,IPS,AMD Ryzen 5 5600H,NVIDIA GeForce RTX 3050 Ti,16 ГБ,SSD,480 ГБ
69,https://kaspi.kz/shop/p/dell-vostro-5620-210-bdbl-7-seryi-108374416/?c=710000000,Ноутбук DELL Vostro 5620 210-BDBL-7 серый,635 300 ₸,40 194 ₸,16 дюйм,1920x1200 Full HD+,90 Гц,WVA,Intel Core i7 1260P,Intel Iris Xe Graphics,16 ГБ,SSD,512 ГБ
70,https://kaspi.kz/shop/p/hp-victus-15-fa0001ur-6f9c0ea-temno-seryi-107922969/?c=710000000,Ноутбук HP Victus 15-fa0001ur 6F9C0EA темно-серый,549 880 ₸,34 789 ₸,15.6 дюйм,1920x1080,144 Гц,VA,Intel Core i5 12500H,NVIDIA GeForce RTX 3050,16 ГБ,SSD,512 ГБ
71,https://kaspi.kz/shop/p/lenovo-legion-5-15imh6-82nl000crk-chernyi-104719613/?c=710000000,Ноутбук Lenovo Legion 5 15IMH6 82NL000CRK черный,644 900 ₸,40 801 ₸,15.6 дюйм,FHD (1920x1080),120 Гц,IPS,Intel Core i5 10500H,NVIDIA GeForce RTX 3050 Ti,16 ГБ,SSD,512 ГБ
72,https://kaspi.kz/shop/p/asus-tuf-gaming-f15-fx506he-hn142-90nr0704-m03530-chernyi-106615977/?c=710000000,Ноутбук ASUS TUF Gaming F15 FX506HE-HN142 90NR0704-M03530 черный,559 990 ₸,35 429 ₸,15.6 дюйм,1920 x 1080 Full HD,144 Гц,IPS,Intel Core i5 11400H,NVIDIA GeForce RTX 3050 Ti,16 ГБ,SSD,512 ГБ
73,https://kaspi.kz/shop/p/lenovo-legion-5-pro-82rg00gurk-seryi-108358558/?c=710000000,Ноутбук Lenovo Legion 5 Pro 82RG00GURK серый,999 990 ₸,63 266 ₸,16 дюйм,2560x1600 2.5K,165 Гц,IPS,AMD Ryzen 7 6800H,NVIDIA GeForce RTX 3070,16 ГБ,SSD,512 ГБ
74,https://kaspi.kz/shop/p/asus-vivobook-pro-k6500zc-ma301-90nb0xk1-m00jt0-temno-sinii-107490284/?c=710000000,Ноутбук ASUS VivoBook Pro K6500ZC-MA301 90NB0XK1-M00JT0 темно-синий,568 990 ₸,35 999 ₸,15.6 дюйм,2880x1620 2.8K,60 Гц,OLED,Intel Core i5 12500H,NVIDIA GeForce RTX 3050,16 ГБ,SSD,512 ГБ
75,https://kaspi.kz/shop/p/lenovo-legion-5-82rb00pgrk-seryi-108358531/?c=710000000,Ноутбук Lenovo Legion 5 82RB00PGRK серый,799 990 ₸,50 613 ₸,15.6 дюйм,2560x1440 2.5K,165 Гц,IPS,Intel Core i7-12700H,NVIDIA GeForce RTX 3060,16 ГБ,SSD,512 ГБ
76,https://kaspi.kz/shop/p/hp-6g804ea-pavilion-15-eg2019ci-sinii-106944639/?c=710000000,Ноутбук HP 6G804EA Pavilion 15-eg2019ci синий,449 990 ₸,28 470 ₸,15.6 дюйм,1920x1080 Full HD,60 Гц,IPS,Intel Core i5 1235U,Intel Iris Xe,16 ГБ,SSD,512 ГБ
77,https://kaspi.kz/shop/p/lenovo-legion-5-15ith6h-82jh00kgrk-temno-sinii-107737710/?c=710000000,Ноутбук Lenovo Legion 5 15ITH6H 82JH00KGRK темно-синий,699 990 ₸,44 286 ₸,15.6 дюйм,1920x1080 Full HD,120 Гц,IPS,Intel Core i5 11400H,NVIDIA GeForce RTX 3060,16 ГБ,SSD,512 ГБ
78,https://kaspi.kz/shop/p/lenovo-legion-5-pro-16ach6h-82jq010drk-seryi-106919677/?c=710000000,Ноутбук Lenovo Legion 5 Pro 16ACH6H 82JQ010DRK серый,939 990 ₸,59 470 ₸,16 дюйм,2560x1600,165 Гц,IPS,AMD Ryzen 7 5800H,NVIDIA GeForce RTX 3070,16 ГБ,SSD,1024 ГБ
79,https://kaspi.kz/shop/p/hp-omen-16-c0033ur-65b01ea-serebristyi-106195356/?c=710000000,Ноутбук HP Omen 16-c0033ur 65B01EA серебристый,689 990 ₸,43 654 ₸,16.1 дюйм,1920x1080 Full HD,144 Гц,IPS,AMD Ryzen 5 5600H,AMD Radeon RX 6600M,16 ГБ,SSD,1024 ГБ
80,https://kaspi.kz/shop/p/asus-vivoobook-s-m3502ra-ma071-90nb0wl2-m002z0-chernyi-106484307/?c=710000000,Ноутбук ASUS Vivoobook S M3502RA-MA071 90NB0WL2-M002Z0 черный,539 990 ₸,34 164 ₸,15.6 дюйм,2880x1620,120 Гц,OLED,AMD Ryzen 7 6800H,AMD Radeon Graphics,16 ГБ,SSD,1000 ГБ
81,https://kaspi.kz/shop/p/acer-nitro-5-an517-42-nh-qg4er-009-chernyi-106055641/?c=710000000,Ноутбук Acer Nitro 5 AN517-42 NH.QG4ER.009 черный,879 990 ₸,55 674 ₸,17.3 дюйм,1920x1080 Full HD,144 Гц,LCD,AMD Ryzen 7 6800H,GeForce RTX 3060,16 ГБ,SSD,1000 ГБ
82,https://kaspi.kz/shop/p/hp-victus-16-d1074ci-6x7q8ea-temno-seryi-106763636/?c=710000000,Ноутбук HP Victus 16-d1074ci 6X7Q8EA темно-серый,692 880 ₸,43 837 ₸,16.1 дюйм,1920x1080 Full HD,144 Гц,IPS,Intel Core i5-12500H,NVIDIA GeForce RTX 3060,16 ГБ,SSD,512 ГБ
83,https://kaspi.kz/shop/p/hp-victus-15-fa0032ci-799a5ea-temno-seryi-107922893/?c=710000000,Ноутбук HP Victus 15-fa0032ci 799A5EA темно-серый,569 780 ₸,36 048 ₸,15.6 дюйм,1920x1080,144 Гц,VA,Intel Core i5 12500H,GeForce RTX 3050 Ti,16 ГБ,SSD,512 ГБ
84,https://kaspi.kz/shop/p/hp-16-d1040ci-6d8l9ea-serebristyi-106302253/?c=710000000,Ноутбук HP 16-d1040ci 6D8L9EA серебристый,763 990 ₸,48 335 ₸,16.1 дюйм,1920x1080,144 Гц,IPS, Intel Core i7 12700H,NVIDIA GeForce RTX 3060,16 ГБ,SSD,1024 ГБ
85,https://kaspi.kz/shop/p/asus-zenbook-17-fold-ux9702aa-md007w-90nb0wx1-m00350-chernyi-108601873/?c=710000000,Ноутбук ASUS Zenbook 17 Fold UX9702AA-MD007W 90NB0WX1-M00350 черный,1 899 970 ₸,120 205 ₸,17.3 дюйм,2560x1600 2.5K,60 Гц,OLED,Intel Core i7-1250U,Iris Xe Graphics,16 ГБ,SSD,1000 ГБ
86,https://kaspi.kz/shop/p/acer-aspire-7-a715-51g-nh-qgder-007-chernyi-106874727/?c=710000000,Ноутбук Acer Aspire 7 A715-51G NH.QGDER.007 черный,699 990 ₸,44 286 ₸,15.6 дюйм,1920x1080 Full HD,144 Гц,IPS,Intel Core i7 1260P,NVIDIA GeForce RTX 3050 Ti,16 ГБ,SSD,512 ГБ
87,https://kaspi.kz/shop/p/asus-tuf-dash-f15-fx516p-90nr05u1-m01690-seryi-105310723/?c=710000000,Ноутбук ASUS TUF Dash F15 FX516P 90NR05U1-M01690 серый,499 990 ₸,31 633 ₸,15.6 дюйм,1920х1080 (FullHD),144 Гц,IPS,Intel Core i5 11300H,NVIDIA GeForce RTX 3050,16 ГБ,SSD,512 ГБ
88,https://kaspi.kz/shop/p/hp-pavilion-15-eg2011ci-6g7z6ea-sinii-107128148/?c=710000000,Ноутбук HP Pavilion 15-eg2011ci 6G7Z6EA синий,569 900 ₸,36 056 ₸,15.6 дюйм,1920x1080 Full HD,60 Гц,IPS,Intel Core i7 1255U,Intel Iris Xe,16 ГБ,SSD,512 ГБ
89,https://kaspi.kz/shop/p/hp-victus-16-e0143ur-65b10ea-serebristyi-108062824/?c=710000000,Ноутбук HP Victus 16-e0143ur 65B10EA серебристый,729 990 ₸,46 184 ₸,16.1 дюйм,2560x1440 2.5K,165 Гц,IPS,AMD Ryzen 7 5800H,NVIDIA GeForce RTX 3060,16 ГБ,SSD,1024 ГБ
90,https://kaspi.kz/shop/p/msi-gf76-katana-11ue-095xkz-chernyi-102164611/?c=710000000,Ноутбук MSI GF76 Katana 11UE-095XKZ черный,768 863 ₸,48 644 ₸,17.3 дюйм,"1920x1080, широкоформатный",144 Гц,TN,Intel Core i7 11800H,NVIDIA GeForce RTX 3060 ,16 ГБ,SSD,512 ГБ
91,https://kaspi.kz/shop/p/hp-255-g8-3v5j3ea-serebristyi-107198668/?c=710000000,Ноутбук HP 255 G8 3V5J3EA серебристый,518 166 ₸,32 783 ₸,15.6 дюйм,1920x1080 Full HD,60 Гц,IPS,AMD Ryzen 5 5500U,AMD Radeon RX Vega,16 ГБ,SSD,512 ГБ
92,https://kaspi.kz/shop/p/lenovo-legion-5-pro-16ach6h-82jq00c8rk-seryi-102063329/?c=710000000,Ноутбук Lenovo Legion 5 Pro 16ACH6H 82JQ00C8RK серый,988 640 ₸,62 548 ₸,16 дюйм,2560x1600 WQXGA,165 Гц,IPS,AMD Ryzen 7 5800H,NVIDIA GeForce RTX 3060,16 ГБ,SSD,1000 ГБ
93,https://kaspi.kz/shop/p/gigabyte-aorus-5-se4-9rx5mse43cj101rui00-chernyi-108242239/?c=710000000,Ноутбук GIGABYTE AORUS 5 SE4 9RX5MSE43CJ101RUI00 черный,864 685 ₸,54 706 ₸,15.6 дюйм,1920x1080 Full HD,60 Гц,IPS,Intel Core i7 12700H,NVIDIA GeForce RTX 3070,16 ГБ,SSD,1024 ГБ
94,https://kaspi.kz/shop/p/acer-nitro-5-an515-58-58ht-nh-qfler-006-temno-seryi-106694169/?c=710000000,Ноутбук Acer Nitro 5 AN515-58-58HT NH.QFLER.006 темно-серый,569 980 ₸,36 061 ₸,15.6 дюйм,1920x1080 Full HD,144 Гц,IPS,Intel Core i5-12500H,NVIDIA GeForce RTX 3050 Ti,16 ГБ,SSD,512 ГБ
95,https://kaspi.kz/shop/p/acer-nitro-5-an515-58-nh-qfmer-006-chernyi-106055283/?c=710000000,Ноутбук Acer Nitro 5 AN515-58 NH.QFMER.006 черный,679 980 ₸,43 020 ₸,15.6 дюйм,1920x1080 Full HD,144 Гц,LCD,Intel Core i5 12500H,GeForce RTX 3060,16 ГБ,SSD,512 ГБ
96,https://kaspi.kz/shop/p/asus-tuf-gaming-f15-90nr0723-m02580-seryi-105310758/?c=710000000,Ноутбук ASUS TUF Gaming F15 90NR0723-M02580 серый,589 990 ₸,37 327 ₸,15.6 дюйм,1920х1080 Full HD,144 Гц,IPS,Intel Core i5-11400H,NVIDIA GeForce RTX 3050,16 ГБ,SSD,512 ГБ
97,https://kaspi.kz/shop/p/hp-pavilion-15-eh2051ci-6m876ea-uuq-sinii-106919743/?c=710000000,Ноутбук HP Pavilion 15-eh2051ci 6M876EA#UUQ синий,497 900 ₸,31 501 ₸,15.6 дюйм,1920x1080,60 Гц,IPS,AMD Ryzen 7 5825U, AMD Radeon Graphics,16 ГБ,SSD,1024 ГБ
98,https://kaspi.kz/shop/p/lenovo-ideapad-gaming-3-15ach6-82k200h3rk-chernyi-102788659/?c=710000000,Ноутбук Lenovo IdeaPad Gaming 3 15ACH6 82K200H3RK черный,678 999 ₸,42 958 ₸,15.6 дюйм,1920x1080 Full HD,120 Гц,IPS,AMD Ryzen 5 5600H,NVIDIA GeForce RTX 3050,16 ГБ,SSD,512 ГБ
99,https://kaspi.kz/shop/p/asus-m5602qa-kv103w-90nb0xw1-m00440-chernyi-107705033/?c=710000000,Ноутбук ASUS M5602QA-KV103W 90NB0XW1-M00440 черный,479 870 ₸,30 360 ₸,15.6 дюйм,2560x1600 2.5K,120 Гц,IPS,AMD Ryzen 5 5600H,AMD Radeon Graphics,16 ГБ,SSD,512 ГБ
100,https://kaspi.kz/shop/p/hp-victus-16-e0052ur-4l679ea-temno-seryi-106763705/?c=710000000,Ноутбук HP Victus 16-e0052ur 4L679EA темно-серый,509 890 ₸,32 259 ₸,16.1 дюйм,1920x1080 Full HD,144 Гц,IPS,AMD Ryzen 5 5600H,NVIDIA GeForce RTX 3050,16 ГБ,SSD,512 ГБ
101,https://kaspi.kz/shop/p/huawei-matebook-d16-rollef-w5651-seryi-106230126/?c=710000000,Ноутбук Huawei MateBook D16 ROLLEF-W5651 серый,549 990 ₸,34 796 ₸,16 дюйм,"1920x1200 пикс, 142 ppi",60 Гц,IPS,Intel Core i5-12500H 12-го поколения,Intel Iris Xe Graphics,16 ГБ,SSD,512 ГБ
102,https://kaspi.kz/shop/p/asus-tuf-gaming-f15-fx506hm-hn114-chernyi-102956141/?c=710000000,Ноутбук ASUS TUF Gaming F15 FX506HM-HN114 черный,799 990 ₸,50 613 ₸,15.6 дюйм,1920x1080,144 Гц,IPS,Intel Core i5 11400H,NVIDIA GeForce  RTX 3060,16 ГБ,SSD,512 ГБ
103,https://kaspi.kz/shop/p/lenovo-ideapad-gaming-3-82k200turk-chernyi-106876976/?c=710000000,Ноутбук Lenovo IdeaPad Gaming 3 82K200TURK черный,599 990 ₸,37 960 ₸,15.6 дюйм,1920x1080,120 Гц,IPS,AMD Ryzen 5 5600H,NVIDIA GeForce RTX 3050 Ti,16 ГБ,SSD,512 ГБ
104,https://kaspi.kz/shop/p/asus-x515ja-ej2121w-90nb0sr1-m00hk0-seryi-103542084/?c=710000000,Ноутбук ASUS X515JA-EJ2121W 90NB0SR1-M00HK0 серый,599 993 ₸,37 960 ₸,15.6 дюйм,1920x1080 Full HD,60 Гц,IPS,Intel Core i7 1065G7,Intel Iris Plus,16 ГБ,SSD,512 ГБ
105,https://kaspi.kz/shop/p/colorful-x15-xs-22-hd55016512b-g-sa-seryi-107364825/?c=710000000,Ноутбук Colorful X15-XS 22-HD55016512B-G-SA серый,589 000 ₸,37 264 ₸,15.6 дюйм,1920x1080 Full HD,144 Гц,IPS,Intel Core i5 12500H,NVIDIA GeForce RTX 3050,16 ГБ,SSD,512 ГБ
106,https://kaspi.kz/shop/p/colorful-x15-at-22-hd96016512a-b-sa-sinii-106857343/?c=710000000,Ноутбук Colorful X15 AT 22-HD96016512A-B-SA синий,786 600 ₸,49 766 ₸,15.6 дюйм,1920x1080,144 Гц,IPS,Intel Core i9 12900H,NVIDIA GeForce RTX 3060,16 ГБ,SSD,512 ГБ
107,https://kaspi.kz/shop/p/asus-tuf-fx507zr-hq007-90nr0ax2-m001r0-seryi-105486574/?c=710000000,Ноутбук ASUS TUF FX507ZR-HQ007 90NR0AX2-M001R0 серый,999 990 ₸,63 266 ₸,15.6 дюйм,2560x1440 QHD,165 Гц,IPS,Intel Core i7 12700H,NVIDIA GeForce RTX 3070,16 ГБ,SSD,1000 ГБ
108,https://kaspi.kz/shop/p/lenovo-ideapad-gaming-3-15ach6-82k2002grk-chernyi-105121139/?c=710000000,Ноутбук Lenovo IdeaPad Gaming 3 15ACH6 82K2002GRK черный,839 988 ₸,53 144 ₸,15.6 дюйм,1920x1080 Full HD,120 Гц,IPS,AMD Ryzen 7 5800H,NVIDIA GeForce RTX 3060,16 ГБ,SSD,512 ГБ
109,https://kaspi.kz/shop/p/hp-elitebook-850-g8-336k4ea-serebristyi-105019418/?c=710000000,Ноутбук HP EliteBook 850 G8 336K4EA серебристый,1 099 990 ₸,69 593 ₸,15.6 дюйм,1920x1080,60 Гц,IPS,Intel i7 1165G7,NVIDIA GeForce MX450,16 ГБ,SSD,512 ГБ
110,https://kaspi.kz/shop/p/acer-nitro-5-an517-55-nh-qfwer-006-chernyi-106055629/?c=710000000,Ноутбук Acer Nitro 5 AN517-55 NH.QFWER.006 черный,829 980 ₸,52 510 ₸,17.3 дюйм,1920x1080 Full HD,144 Гц,LCD,Intel Core i5 12500H,GeForce RTX 3060,16 ГБ,SSD,512 ГБ
111,https://kaspi.kz/shop/p/lenovo-legion-5-15imh6-82nl000drk-chernyi-105494690/?c=710000000,Ноутбук Lenovo Legion 5 15IMH6 82NL000DRK черный,598 999 ₸,37 897 ₸,15.6 дюйм,1920x1080 Full HD,120 Гц,IPS,Intel Core i5 10500H,NVIDIA GeForce RTX 3050,16 ГБ,SSD,256 ГБ
112,https://kaspi.kz/shop/p/hp-elitebook-860-g9-6b500av-tc1-serebristyi-106575950/?c=710000000,Ноутбук HP EliteBook 860 G9 6B500AV/TC1 серебристый,1 199 990 ₸,75 920 ₸,16 дюйм,1920x1200,60 Гц,IPS,Intel Core i7 1265U,Intel Iris Xe Graphics,16 ГБ,SSD,512 ГБ
113,https://kaspi.kz/shop/p/lenovo-ideapad-gaming-3-15ach6-82k200lsrk-chernyi-102775924/?c=710000000,Ноутбук Lenovo IdeaPad Gaming 3 15ACH6 82K200LSRK черный,799 989 ₸,50 613 ₸,15.6 дюйм,1920x1080 Full HD,60 Гц,IPS,AMD Ryzen 7 5800H,NVIDIA GeForce RTX 3050 Ti,16 ГБ,SSD,512 ГБ
114,https://kaspi.kz/shop/p/lenovo-legion-5-pro-16arh7h-82rg00herk-belyi-108701117/?c=710000000,Ноутбук Lenovo Legion 5 Pro 16ARH7H 82RG00HERK белый,879 990 ₸,55 674 ₸,16 дюйм,2560x1600 Full HD,165 Гц,IPS,AMD Ryzen 7 6800H,NVIDIA GeForce RTX 3060,16 ГБ,SSD,1000 ГБ
115,https://kaspi.kz/shop/p/lenovo-legion-5-pro-16arh7h-82rg00hlrk-belyi-108701109/?c=710000000,Ноутбук Lenovo Legion 5 Pro 16ARH7H 82RG00HLRK белый,1 159 990 ₸,73 389 ₸,16 дюйм,2560x1600 2.5K,165 Гц,IPS,AMD Ryzen 9 6900HX,NVIDIA GeForce RTX 3070 Ti,16 ГБ,SSD,1000 ГБ
116,https://kaspi.kz/shop/p/lenovo-legion-5-pro-16iah7h-82rf00ssrk-belyi-108701222/?c=710000000,Ноутбук Lenovo Legion 5 Pro 16IAH7H 82RF00SSRK белый,1 029 990 ₸,65 164 ₸,16 дюйм,2560x1600 2.5K,165 Гц,IPS,Intel Core i7 12700H,NVIDIA GeForce RTX 3070,16 ГБ,SSD,1000 ГБ
117,https://kaspi.kz/shop/p/asus-tuf-gaming-f15-i5-11400h-fx506hcb-hn161-seryi-103380107/?c=710000000,Ноутбук ASUS TUF Gaming F15 i5 11400H FX506HCB-HN161 серый,604 799 ₸,38 264 ₸,15.6 дюйм,1920x1080,144 Гц,IPS,Intel Core i5 11400H,NVIDIA GeForce RTX 3050,16 ГБ,SSD,512 ГБ
118,https://kaspi.kz/shop/p/lenovo-legion-5-15ith6h-82jh0012rk-seryi-104731131/?c=710000000,Ноутбук Lenovo Legion 5 15ITH6H 82JH0012RK серый,659 990 ₸,41 756 ₸,15.6 дюйм,FHD (1920x1080),120 Гц,IPS,Intel Core i5 11260H,NVIDIA GeForce RTX 3060,16 ГБ,SSD,512 ГБ
119,https://kaspi.kz/shop/p/lenovo-legion-5-pro-16ach6h-82jq00fbus-seryi-106382160/?c=710000000,Ноутбук Lenovo Legion 5 Pro 16ACH6H 82JQ00FBUS серый,1 119 000 ₸,70 796 ₸,16 дюйм,2560x1600,165 Гц,IPS,AMD Ryzen 7 5800H,NVIDIA GeForce RTX 3070,16 ГБ,SSD,1000 ГБ
120,https://kaspi.kz/shop/p/hp-16-e0069ur-4e1k1ea-sinii-108487826/?c=710000000,Ноутбук HP 16-e0069ur 4E1K1EA синий,689 990 ₸,43 654 ₸,16.1 дюйм,1920x1080 Full HD,60 Гц,IPS,AMD Ryzen 7 5800H,GeForce RTX 3060,16 ГБ,SSD,1000 ГБ
121,https://kaspi.kz/shop/p/asus-tuf-gaming-f15-fx506hm-90nr0754-m03780-chernyi-102960616/?c=710000000,Ноутбук ASUS TUF Gaming F15 FX506HM 90NR0754-M03780 черный,888 510 ₸,56 213 ₸,15.6 дюйм,"1920x1080, широкоформатный",60 Гц,IPS,Intel Core i5-11400H,NVIDIA GeForce RTX 3060,16 ГБ,SSD,512 ГБ
122,https://kaspi.kz/shop/p/lenovo-thinkbook-15p-g2-21b10016ru-sinii-105698115/?c=710000000,Ноутбук Lenovo ThinkBook 15p G2 21B10016RU синий,1 099 990 ₸,69 593 ₸,15.6 дюйм,1920x1080 Full HD,90 Гц,IPS,Intel Core i7-11800H,NVIDIA GeForce GTX 1650,16 ГБ,SSD,512 ГБ
123,https://kaspi.kz/shop/p/lenovo-legion-5-17ach6h-82jy00j1rk-sinii-106138919/?c=710000000,Ноутбук Lenovo Legion 5 17ACH6H 82JY00J1RK синий,759 990 ₸,48 082 ₸,17.3 дюйм,1920x1080 Full HD,144 Гц,IPS,AMD Ryzen 7 5800H,NVIDIA GeForce RTX 3070,16 ГБ,SSD,1024 ГБ
124,https://kaspi.kz/shop/p/lenovo-legion-5-pro-16arh7h-82rg00gtrk-seryi-108680016/?c=710000000,Ноутбук Lenovo Legion 5 Pro 16ARH7H 82RG00GTRK серый,1 158 990 ₸,73 326 ₸,16 дюйм,2560x1600 2.5K,165 Гц,IPS,AMD Ryzen 9 6900HX,NVIDIA GeForce RTX 3070 Ti,16 ГБ,SSD,1000 ГБ
125,https://kaspi.kz/shop/p/lenovo-legion-5-15ach6h-82ju005drk-sinii-103556967/?c=710000000,Ноутбук Lenovo Legion 5 15ACH6H 82JU005DRK синий,869 990 ₸,55 042 ₸,15.6 дюйм,1920x1080 Full HD,165 Гц,IPS,AMD Ryzen 5 5600H,NVIDIA GeForce RTX 3070,16 ГБ,SSD,1024 ГБ
126,https://kaspi.kz/shop/p/asus-rog-strix-g15-g513rm-hq164w-90nr0845-m00880-chernyi-104163709/?c=710000000,Ноутбук ASUS ROG Strix G15 G513RM-HQ164W 90NR0845-M00880 черный,1 099 999 ₸,69 594 ₸,15.6 дюйм,2560x1440 WQHD,165 Гц,IPS,AMD Ryzen 7 6800H,NVIDIA GeForce RTX 3060,16 ГБ,SSD,1024 ГБ
127,https://kaspi.kz/shop/p/hp-250-g8-3c2v0es-seryi-106262937/?c=710000000,Ноутбук HP 250 G8 3C2V0ES серый,334 900 ₸,21 188 ₸,15.6 дюйм,1920x1080 Full HD,60 Гц,VA,Intel Core i3-1005G1,Intel UHD Graphics,16 ГБ,SSD,512 ГБ
128,https://kaspi.kz/shop/p/hp-omen-17-ck1039ci-79f74ea-chernyi-108539015/?c=710000000,Ноутбук HP Omen 17-ck1039ci 79F74EA черный,849 990 ₸,53 776 ₸,17.3 дюйм,1920x1080 Full HD,165 Гц,IPS,Intel Core i7 12700H,NVIDIA GeForce RTX 3060,16 ГБ,SSD,1000 ГБ
129,https://kaspi.kz/shop/p/lenovo-thinkbook-15-g4-iap-21dj00ftru-seryi-108538947/?c=710000000,Ноутбук Lenovo ThinkBook 15 G4 IAP 21DJ00FTRU серый,647 095 ₸,40 940 ₸,15.6 дюйм,1920x1080 Full HD,60 Гц,IPS,Intel Core i5-1235U,Intel Iris Xe,16 ГБ,SSD,512 ГБ
130,https://kaspi.kz/shop/p/hp-victus-16-d1058ci-6q1e2ea-sinii-108538991/?c=710000000,Ноутбук HP Victus 16-d1058ci 6Q1E2EA синий,579 990 ₸,36 694 ₸,16.1 дюйм,1920x1080 Full HD,144 Гц,IPS,Intel Core i5-12500H,NVIDIA GeForce RTX 3050 Ti,16 ГБ,SSD,512 ГБ
131,https://kaspi.kz/shop/p/lenovo-ideapad-gaming-3-15ihu6-82k1015urk-chernyi-106504652/?c=710000000,Ноутбук Lenovo IdeaPad Gaming 3 15IHU6 82k1015urk черный,654 200 ₸,41 389 ₸,15.6 дюйм,15.6 FHD 1920x1080,120 Гц,IPS,Intel Core i7 11370H,NVIDIA GeForce RTX 3050,16 ГБ,SSD,512 ГБ
132,https://kaspi.kz/shop/p/acer-predator-helios-300-ph317-55-nh-qb7cn-003-chernyi-107071915/?c=710000000,Ноутбук Acer Predator Helios 300 PH317-55 NH.QB7CN.003 черный,1 299 990 ₸,82 246 ₸,17.3 дюйм,2560x1440,165 Гц,IPS,Intel Core i9 11900H,NVIDIA GeForce RTX 3070,16 ГБ,SSD,512 ГБ
133,https://kaspi.kz/shop/p/asus-tuf-gaming-f15-fx506lh-hn236-90nr03u2-m08560-chernyi-102262062/?c=710000000,Ноутбук ASUS TUF Gaming F15 FX506LH-HN236 90NR03U2-M08560 черный,589 990 ₸,37 327 ₸,15.6 дюйм,1920х1080 Full HD,144 Гц,IPS,Intel Core i5-10300H,NVIDIA GeForce GTX 1650,16 ГБ,SSD,512 ГБ
134,https://kaspi.kz/shop/p/lenovo-legion-5-15ach6h-82ju00g5rk-chernyi-102049286/?c=710000000,Ноутбук Lenovo Legion 5 15ACH6H 82JU00G5RK черный,1 199 999 ₸,75 920 ₸,15.6 дюйм,1920х1080 Full HD,120 Гц,IPS,AMD Ryzen 7 5800H,NVIDIA GeForce RTX 3060,16 ГБ,SSD,1024 ГБ
135,https://kaspi.kz/shop/p/lenovo-thinkbook-15-g4-iap-21dj005wru-seryi-108520176/?c=710000000,Ноутбук Lenovo ThinkBook 15 G4 IAP 21DJ005WRU серый,706 075 ₸,44 671 ₸,15.6 дюйм,1920x1080 Full HD,60 Гц,IPS,Intel Core i7-1255U,Intel Iris Xe Graphics,16 ГБ,SSD,1000 ГБ
136,https://kaspi.kz/shop/p/hp-probook-450-g9-6a1t9ea-serebristyi-107229220/?c=710000000,Ноутбук HP ProBook 450 G9 6A1T9EA серебристый,569 000 ₸,35 999 ₸,15.6 дюйм,1920x1080,60 Гц,WVA,Intel Core i7 1255U,Intel Iris Xᵉ,16 ГБ,SSD,512 ГБ
137,https://kaspi.kz/shop/p/lenovo-ideapad-3-82k1015trk-chernyi-105322711/?c=710000000,Ноутбук Lenovo IdeaPad 3 82K1015TRK черный,698 698 ₸,44 205 ₸,15.6 дюйм,1920x1080 Full HD,120 Гц,IPS,Intel Core i5-11300H,NVIDIA GeForce RTX 3050 Ti,16 ГБ,SSD,512 ГБ
138,https://kaspi.kz/shop/p/lenovo-legion-5-15iah7h-82rb00perk-seryi-108701124/?c=710000000,Ноутбук Lenovo Legion 5 15IAH7H 82RB00PERK серый,829 990 ₸,52 511 ₸,15.6 дюйм,1920x1080 Full HD,144 Гц,IPS,Intel Core i7 12700H,NVIDIA GeForce RTX 3060,16 ГБ,SSD,1024 ГБ
139,https://kaspi.kz/shop/p/msi-katana-gf66-12uc-12uc-866xkz-chernyi-108565097/?c=710000000,Ноутбук MSI Katana GF66 12UC 12UC-866XKZ черный,561 275 ₸,35 510 ₸,15.6 дюйм,1920x1080 Full HD,144 Гц,IPS,Intel Core i5-12450H,NVIDIA GeForce RTX 3050,16 ГБ,SSD,512 ГБ
140,https://kaspi.kz/shop/p/lenovo-legion-5-15iah7h-82rb00pfrk-seryi-108680002/?c=710000000,Ноутбук Lenovo Legion 5 15IAH7H 82RB00PFRK серый,959 990 ₸,60 736 ₸,15.6 дюйм,1920x1080 Full HD,144 Гц,IPS,Intel Core i7 12700H,NVIDIA GeForce RTX 3070,16 ГБ,SSD,1000 ГБ
141,https://kaspi.kz/shop/p/lenovo-legion-5-pro-16iah7h-82rf00qqrk-seryi-108701100/?c=710000000,Ноутбук Lenovo Legion 5 Pro 16IAH7H 82RF00QQRK серый,1 029 990 ₸,65 164 ₸,16 дюйм,2560x1600 2.5K,165 Гц,IPS,Intel Core i7 12700H,NVIDIA GeForce RTX 3070,16 ГБ,SSD,1000 ГБ
142,https://kaspi.kz/shop/p/asus-vivobook-pro15-m6500qc-hn116-90nb0yn1-m006f0-sinii-107064692/?c=710000000,Ноутбук ASUS Vivobook Pro15 M6500QC-HN116 90NB0YN1-M006F0 синий,499 990 ₸,31 633 ₸,15.6 дюйм,1920x1080 Full HD,144 Гц,IPS,AMD Ryzen 5 5600H,NVIDIA GeForce RTX 3050,16 ГБ,SSD,512 ГБ
143,https://kaspi.kz/shop/p/msi-katana-gf76-12ud-401xkz-chernyi-108434938/?c=710000000,Ноутбук MSI Katana GF76 12UD-401XKZ черный,750 310 ₸,47 470 ₸,17.3 дюйм,1920x1080 Full HD,144 Гц,IPS,Intel Core i7 12650H,NVIDIA GeForce RTX 3050TI,16 ГБ,SSD,512 ГБ
144,https://kaspi.kz/shop/p/msi-katana-gf66-112ugszok-1245xkz-chernyi-108434877/?c=710000000,Ноутбук MSI Katana GF66 112UGSZOK-1245XKZ черный,1 145 203 ₸,72 453 ₸,15.6 дюйм,1920x1080 Full HD,240 Гц,IPS,Intel Core i7-12700H,NVIDIA GeForce RTX 3070 Ti,16 ГБ,SSD,1000 ГБ
145,https://kaspi.kz/shop/p/msi-katana-gf66-12ud-865xkz-chernyi-108434927/?c=710000000,Ноутбук MSI Katana GF66 12UD-865XKZ черный,671 330 ₸,42 473 ₸,15.6 дюйм,1920x1080 Full HD,144 Гц,IPS,Intel Core i5 12450H,NVIDIA GeForce RTX 3050 Ti,16 ГБ,SSD,512 ГБ
146,https://kaspi.kz/shop/p/msi-katana-gf66-12ud-864xkz-chernyi-108434893/?c=710000000,Ноутбук MSI Katana GF66 12UD-864XKZ черный,720 690 ₸,45 596 ₸,15.6 дюйм,1920x1080 Full HD,144 Гц,IPS,Intel Core i7 12650H,NVIDIA GeForce RTX 3050 Ti,16 ГБ,SSD,512 ГБ
147,https://kaspi.kz/shop/p/msi-pulse-gl66-12ueok-1226xkz-temno-seryi-108002351/?c=710000000,Ноутбук MSI Pulse GL66 12UEOK-1226XKZ темно-серый,978 923 ₸,61 934 ₸,15.6 дюйм,2560x1440 2.5K,165 Гц,IPS,Intel Core i7-12700H,NVIDIA GeForce RTX 3060,16 ГБ,SSD,1024 ГБ
148,https://kaspi.kz/shop/p/lenovo-legion-5-15iah7h-82rb00pdrk-seryi-108701170/?c=710000000,Ноутбук Lenovo Legion 5 15IAH7H 82RB00PDRK серый,799 990 ₸,50 613 ₸,15.6 дюйм,1920x1080 Full HD,144 Гц,IPS,Intel Core i5 12500H,NVIDIA GeForce RTX 3060,16 ГБ,SSD,1000 ГБ
149,https://kaspi.kz/shop/p/msi-gf66-katana-11ue-228xkz-chernyi-102101032/?c=710000000,Ноутбук MSI GF66 Katana 11UE-228XKZ черный,681 273 ₸,43 102 ₸,15.6 дюйм,"1920x1080, широкоформатный",144 Гц,IPS,Intel Core i5 11400H,NVIDIA GeForce RTX 3060,16 ГБ,SSD,512 ГБ
150,https://kaspi.kz/shop/p/lenovo-legion-5-15arh7h-82rd006mrk-seryi-108539143/?c=710000000,Ноутбук Lenovo Legion 5 15ARH7H 82RD006MRK серый,892 320 ₸,56 454 ₸,15.6 дюйм,2560x1440 2.5K,165 Гц,IPS,AMD Ryzen 7 6800H,GeForce RTX 3070,16 ГБ,SSD,1000 ГБ
151,https://kaspi.kz/shop/p/asus-vivobook-s-16x-s5602za-l2151w-90nb0wd2-m005y0-seryi-107424277/?c=710000000,Ноутбук ASUS Vivobook S 16X S5602ZA-L2151W 90NB0WD2-M005Y0 серый,742 500 ₸,46 976 ₸,16 дюйм,3840x2400,60 Гц,IPS,Intel Core i7 12700H,Intel Iris Xᵉ,16 ГБ,SSD,1024 ГБ
152,https://kaspi.kz/shop/p/asus-tuf-gaming-a15-fa506ihr-r5165sgn-90nr07g7-m008e0-chernyi-105773862/?c=710000000,Ноутбук ASUS TUF Gaming A15 FA506IHR R5165SGN 90NR07G7-M008E0 черный,399 980 ₸,25 306 ₸,15.6 дюйм,1920х1080 Full HD,144 Гц,IPS,AMD Ryzen 5 4600H,NVIDIA GeForce GTX 1650,16 ГБ,SSD,512 ГБ
153,https://kaspi.kz/shop/p/acer-nitro-5-an515-58-71lu-nh-qfjer-008-chernyi-106606929/?c=710000000,Ноутбук Acer Nitro 5 AN515-58-71LU NH.QFJER.008 черный,650 860 ₸,41 178 ₸,15.6 дюйм,1920x1080 Full HD,144 Гц,IPS,Intel Core i7 12700H,NVIDIA GeForce RTX 3050,16 ГБ,SSD,512 ГБ
154,https://kaspi.kz/shop/p/asus-tuf-gaming-a15-fa506qm-hn130-fa506qm-hn130-chernyi-107137370/?c=710000000,Ноутбук ASUS TUF Gaming A15 FA506QM-HN130 FA506QM-HN130 черный,709 990 ₸,44 919 ₸,15.6 дюйм,1920x1080 Full HD,144 Гц,IPS,AMD Ryzen 7 5800H,NVIDIA GeForce RTX 3060,16 ГБ,SSD,1024 ГБ
155,https://kaspi.kz/shop/p/asus-tuf-dash-f15-fx516pr-hn002-90nr0651-m00430-chernyi-101004973/?c=710000000,Ноутбук ASUS TUF Dash F15 FX516PR-HN002 90NR0651-M00430 черный,859 990 ₸,54 409 ₸,15.6 дюйм,"1920x1080, широкоформатный",144 Гц,IPS,Intel Core i7 11370H,NVIDIA GeForce RTX 3070,16 ГБ,SSD,512 ГБ
156,https://kaspi.kz/shop/p/hp-victus-16-e0130ur-640b8ea-seryi-104991632/?c=710000000,Ноутбук HP Victus 16-e0130ur 640B8EA серый,661 990 ₸,41 882 ₸,16.1 дюйм,1920x1080 Full HD,144 Гц,IPS,AMD Ryzen 5 5600H,NVIDIA GeForce RTX 3050 Ti,16 ГБ,SSD,512 ГБ
157,https://kaspi.kz/shop/p/asus-rog-zephyrus-g15-ga503rm-hq067w-90nr0812-m004d0-seryi-108539162/?c=710000000,Ноутбук ASUS ROG Zephyrus G15 GA503RM-HQ067W 90NR0812-M004D0 серый,939 900 ₸,59 465 ₸,15.6 дюйм,2560x1440 2.5K,165 Гц,IPS,AMD Ryzen 9 6900HS​,GeForce RTX 3060,16 ГБ,SSD,1000 ГБ
158,https://kaspi.kz/shop/p/asus-fx506hcb-hn218-90nr0724-m06420-chernyi-102685561/?c=710000000,Ноутбук ASUS FX506HCB-HN218 90NR0724-M06420 черный,589 990 ₸,37 327 ₸,15.6 дюйм,"1920x1080, широкоформатный",144 Гц,IPS,Intel Core i5 11400H,NVIDIA GeForce RTX 3050,16 ГБ,SSD,512 ГБ
159,https://kaspi.kz/shop/p/hp-15-er1010ci-6l9x6ea-serebristyi-107922232/?c=710000000,Ноутбук HP 15-er1010ci 6L9X6EA серебристый,465 880 ₸,29 475 ₸,15.6 дюйм,1920x1080,60 Гц,VA,Intel Core i5 1235U,Intel Iris Xe Graphics,16 ГБ,SSD,512 ГБ
160,https://kaspi.kz/shop/p/lenovo-yoga-7-16iap7-82qg001krk-temno-seryi-108719987/?c=710000000,Ноутбук Lenovo Yoga 7 16IAP7 82QG001KRK темно-серый,604 770 ₸,38 262 ₸,16 дюйм,2560x1600 2.5K,120 Гц,IPS,Intel Core i5 1240P,Intel Iris Xe Graphics,16 ГБ,SSD,512 ГБ
161,https://kaspi.kz/shop/p/asus-vivobook-x571lh-bq380-90nb0qj1-m06820-sinii-104495190/?c=710000000,Ноутбук ASUS VivoBook X571LH-BQ380 90NB0QJ1-M06820 синий,599 990 ₸,37 960 ₸,15.6 дюйм,1920x1080 Full HD,144 Гц,IPS,Intel Core i7 10870H,NVIDIA GeForce GTX 1650,16 ГБ,SSD,512 ГБ
162,https://kaspi.kz/shop/p/asus-tuf-gaming-f15-90nr0704-m05140-chernyi-103246693/?c=710000000,Ноутбук ASUS TUF Gaming F15 90NR0704-M05140 черный,674 990 ₸,42 705 ₸,15.6 дюйм,1920x1080 Full HD,144 Гц,IPS,Intel Core i5 11400H,NVIDIA GeForce RTX 3050 Ti,16 ГБ,SSD,512 ГБ
163,https://kaspi.kz/shop/p/lenovo-legion-5-15imh6-82nl000drk-chernyi-105494661/?c=710000000,Ноутбук Lenovo Legion 5 15IMH6 82NL000DRK черный,598 999 ₸,37 897 ₸,15.6 дюйм,1920x1080 Full HD,120 Гц,IPS,Intel Core i5 10500H,NVIDIA GeForce RTX 3050 ,16 ГБ,SSD,256 ГБ
164,https://kaspi.kz/shop/p/asus-tuf-dash-f15-fx517zr-hn014-chernyi-106464144/?c=710000000,Ноутбук ASUS TUF Dash F15 FX517ZR-HN014 черный,1 399 993 ₸,88 573 ₸,15.6 дюйм,1920x1080 Full HD,144 Гц,IPS,Intel Core i7 12650H,NVIDIA GeForce RTX 3070,16 ГБ,SSD,1000 ГБ
165,https://kaspi.kz/shop/p/msi-gf63-thin-11uc-1026xkz-chernyi-105574084/?c=710000000,Ноутбук MSI GF63 Thin 11UC-1026XKZ черный,607 436 ₸,38 431 ₸,15.6 дюйм,1920x1080,144 Гц,IPS,Intel Core i5 11400H,NVIDIA GeForce RTX 3050,16 ГБ,SSD,512 ГБ
166,https://kaspi.kz/shop/p/asus-m7600qc-kv060w-90nb0v81-m01870-seryi-106301274/?c=710000000,Ноутбук ASUS M7600QC-KV060W 90NB0V81-M01870 серый,899 993 ₸,56 940 ₸,16 дюйм,2560x1600,120 Гц,IPS,AMD Ryzen 9 5900HX,NVIDIA GeForce RTX 3050,16 ГБ,SSD,1024 ГБ
167,https://kaspi.kz/shop/p/lenovo-ideapad-gaming-3-82k1015srk-chernyi-106790799/?c=710000000,Ноутбук Lenovo IdeaPad Gaming 3 82K1015SRK черный,487 860 ₸,30 866 ₸,15.6 дюйм,1920x1080,120 Гц,IPS,Intel Core i5 11300H,NVIDIA GeForce RTX 3050,16 ГБ,SSD,512 ГБ
168,https://kaspi.kz/shop/p/msi-katana-gf66-12ue-1053x-9s7-158332-1053-chernyi-108646219/?c=710000000,Ноутбук MSI Katana GF66 12UE-1053X 9S7-158332-1053 черный,549 990 ₸,34 796 ₸,15.6 дюйм,1920x1080 Full HD,60 Гц,IPS,Intel Core i5-12450H,NVIDIA GeForce RTX 3060,16 ГБ,SSD,512 ГБ
169,https://kaspi.kz/shop/p/msi-katana-gf66-12ue-1051-9s7-158332-1051-chernyi-108646232/?c=710000000,Ноутбук MSI Katana GF66 12UE-1051 9S7-158332-1051 черный,639 990 ₸,40 490 ₸,15.6 дюйм,1920x1080 Full HD,60 Гц,IPS,Intel Core i7-12650H,NVIDIA GeForce RTX 3060,16 ГБ,SSD,512 ГБ
170,https://kaspi.kz/shop/p/lenovo-v15-g3-iap-82tt001lru-chernyi-105906416/?c=710000000,Ноутбук Lenovo V15 G3 IAP 82TT001LRU черный,529 990 ₸,33 531 ₸,15.6 дюйм,1920x1080,60 Гц,TN,Intel Core i7 1255U,Intel UHD Graphics,16 ГБ,SSD,512 ГБ
171,https://kaspi.kz/shop/p/msi-katana-gf66-12ue-1052x-9s7-158332-1052-chernyi-108637780/?c=710000000,Ноутбук MSI Katana GF66 12UE-1052X 9S7-158332-1052 черный,599 990 ₸,37 960 ₸,15.6 дюйм,1920x1080 Full HD,240 Гц,IPS,Intel Core i7-12650H,NVIDIA GeForce RTX 3060,16 ГБ,SSD,512 ГБ
172,https://kaspi.kz/shop/p/asus-g513rm-hq171-90nr0845-m008r0-seryi-104580934/?c=710000000,Ноутбук ASUS G513RM-HQ171 90NR0845-M008R0 серый,889 900 ₸,56 301 ₸,15.6 дюйм,WQHD (2560 x 1440) 16:9,165 Гц,IPS,AMD Ryzen 7 6800H,NVIDIA® GeForce RTX™ 3060 Laptop GPU,16 ГБ,SSD,512 ГБ
173,https://kaspi.kz/shop/p/asus-b1500ceae-bq2615x-90nx0441-m02nt0-temno-sinii-107607664/?c=710000000,Ноутбук ASUS B1500CEAE-BQ2615X 90NX0441-M02NT0 темно-синий,509 990 ₸,32 266 ₸,15.6 дюйм,1920x1080 Full HD,60 Гц,IPS,Intel Core i7 1165G7,Intel Iris Xe Graphics,16 ГБ,SSD,512 ГБ
174,https://kaspi.kz/shop/p/lenovo-thinkbook-15-g4-iap-21dj001aru-seryi-105906465/?c=710000000,Ноутбук Lenovo ThinkBook 15 G4 IAP 21DJ001ARU серый,584 990 ₸,37 011 ₸,15.6 дюйм,1920x1080,60 Гц,IPS,Intel Core i5 1240P,Intel UHD Graphics,16 ГБ,SSD,512 ГБ
175,https://kaspi.kz/shop/p/dream-machines-rg3050ti-15kz33-chernyi-106668897/?c=710000000,Ноутбук Dream Machines RG3050Ti-15KZ33 черный,639 990 ₸,40 490 ₸,15.6 дюйм,1920x1080,144 Гц,WVA, Intel Core i5 12500H,NVIDIA GeForce RTX 3050 Ti,16 ГБ,SSD,1000 ГБ
176,https://kaspi.kz/shop/p/dream-machines-rg3050-15kz33-chernyi-106668474/?c=710000000,Ноутбук Dream Machines RG3050-15KZ33 черный,595 990 ₸,37 707 ₸,15.6 дюйм, Full HD 1920x1080,144 Гц,WVA, Intel Core i5 12500H,NVIDIA GeForce RTX 3050,16 ГБ,SSD,1000 ГБ
177,https://kaspi.kz/shop/p/hp-probook-450-g8-uma-2w1g9ea-serebristyi-106553453/?c=710000000,Ноутбук HP ProBook 450 G8 UMA 2W1G9EA серебристый,519 610 ₸,32 874 ₸,15.6 дюйм,1920x1080 Full HD,60 Гц,IPS,Intel Core i5-1135G7,Intel Iris Xe,16 ГБ,SSD,512 ГБ
178,https://kaspi.kz/shop/p/dell-vostro-3510-210-azzu-a6-chernyi-107526982/?c=710000000,Ноутбук DELL Vostro 3510 210-AZZU-A6 черный,536 585 ₸,33 948 ₸,15.6 дюйм,1920x1080 Full HD,60 Гц,WVA,Intel Core i5 1135G7,Intel Iris Xe Graphics,16 ГБ,SSD,512 ГБ
179,https://kaspi.kz/shop/p/dell-vostro-3510-210-azzu-a22-chernyi-107526962/?c=710000000,Ноутбук DELL Vostro 3510 210-AZZU-A22 черный,522 600 ₸,33 064 ₸,15.6 дюйм,1920x1080 Full HD,60 Гц,WVA,Intel Core i5 1135G7,Intel Iris Xe Graphics,16 ГБ,SSD,512 ГБ
180,https://kaspi.kz/shop/p/lenovo-thinkbook-15-g4-iap-21dj0053ru-seryi-106413068/?c=710000000,Ноутбук Lenovo ThinkBook 15 G4 IAP 21DJ0053RU серый,674 990 ₸,42 705 ₸,15.6 дюйм,1920x1080,60 Гц,IPS,Intel Core i7 1255U,Intel Iris Xe,16 ГБ,SSD,512 ГБ
181,https://kaspi.kz/shop/p/acer-aspire-7-a715-nh-qgcer-003-chernyi-106485293/?c=710000000,Ноутбук Acer Aspire 7 A715 NH.QGCER.003 черный,659 990 ₸,41 756 ₸,15.6 дюйм,1920x1080 Full HD,60 Гц,IPS,Intel Core i5-1240P,NVIDIA GeForce RTX 3050,16 ГБ,SSD,512 ГБ
182,https://kaspi.kz/shop/p/lenovo-ideapad-gaming-3-15ach6-82k201u9rk-chernyi-105933868/?c=710000000,Ноутбук Lenovo IdeaPad Gaming 3 15ACH6 82K201U9RK черный,517 900 ₸,32 766 ₸,15.6 дюйм,1920x1080 Full HD,60 Гц,IPS,AMD Ryzen 5 5600H,NVIDIA GeForce RTX 3050 Ti,16 ГБ,SSD,512 ГБ
183,https://kaspi.kz/shop/p/lenovo-thinkbook-15p-imh-20v3000vru-seryi-102111483/?c=710000000,Ноутбук Lenovo ThinkBook 15p IMH 20V3000VRU серый,579 990 ₸,36 694 ₸,15.6 дюйм,1920х1080 Full HD,60 Гц,IPS,Intel Core i5-10300H,NVIDIA GeForce GTX 1650 Max-Q,16 ГБ,SSD,512 ГБ
184,https://kaspi.kz/shop/p/asus-vivobook-s-16x-m5602qa-kv104w-90nb0xw3-m00450-serebristyi-107922867/?c=710000000,Ноутбук ASUS Vivobook S 16X M5602QA-KV104W 90NB0XW3-M00450 серебристый,488 700 ₸,30 919 ₸,16 дюйм,2560x1600,120 Гц,IPS,AMD Ryzen 5 5600H,AMD Radeon Graphics,16 ГБ,SSD,512 ГБ
185,https://kaspi.kz/shop/p/dell-vostro-5625-210-bdfl-chernyi-106747295/?c=710000000,Ноутбук DELL Vostro 5625 210-BDFL черный,607 470 ₸,38 433 ₸,16 дюйм,1920 x 1200 WUXGA,60 Гц,VA,AMD Ryzen 7 5825U,AMD Radeon Graphics,16 ГБ,SSD,512 ГБ
186,https://kaspi.kz/shop/p/dell-vostro-3520-210-becx-chernyi-108374221/?c=710000000,Ноутбук DELL Vostro 3520 210-BECX черный,492 890 ₸,31 184 ₸,15.6 дюйм,1920x1080 Full HD,90 Гц,IPS,Intel Core i7 1255U,Intel Iris Xe Graphics,16 ГБ,SSD,512 ГБ
187,https://kaspi.kz/shop/p/hp-victus-16-d1073ci-6x7q6ea-sinii-108698292/?c=710000000,Ноутбук HP Victus 16-d1073ci 6X7Q6EA синий,665 890 ₸,42 129 ₸,16.1 дюйм,1920x1080,144 Гц,IPS,Intel Core i5 12500H,NVIDIA GeForce RTX 3060,16 ГБ,SSD,512 ГБ
188,https://kaspi.kz/shop/p/dell-vostro-5625-210-bdfl-1-seryi-108238205/?c=710000000,Ноутбук DELL Vostro 5625 210-BDFL-1 серый,582 700 ₸,36 866 ₸,16 дюйм,1920x1200 Full HD+,60 Гц,IPS,AMD Ryzen 7 5825U,AMD Radeon Graphics,16 ГБ,SSD,512 ГБ
189,https://kaspi.kz/shop/p/hp-victus-16-e1049ci-6m8b1ea-sinii-105985189/?c=710000000,Ноутбук HP Victus 16-e1049ci 6M8B1EA синий,566 890 ₸,35 866 ₸,16.1 дюйм,1920x1080 Full HD,144 Гц,IPS,AMD Ryzen 5 6600H,NVIDIA GeForce RTX 3050 Ti,16 ГБ,SSD,512 ГБ
190,https://kaspi.kz/shop/p/msi-katana-gf76-11uc-873xge-9s7-17l212-873-krasnyi-108698796/?c=710000000,Ноутбук MSI Katana GF76 11UC-873XGE 9S7-17L212-873 красный,566 390 ₸,35 834 ₸,17.3 дюйм,1920x1080,144 Гц,IPS,Intel  Core i5 11400H,NVIDIA GeForce RTX 3050,16 ГБ,SSD,512 ГБ
191,https://kaspi.kz/shop/p/dell-xps-15-9520-210-bdvf-4-serebristyi-106784220/?c=710000000,Ноутбук DELL XPS 15 9520 210-BDVF-4 серебристый,1 642 800 ₸,103 935 ₸,15.6 дюйм,3456 x 2160,60 Гц,IPS,Intel Core i7,GeForce RTX 3050 Ti,16 ГБ,SSD,1024 ГБ
192,https://kaspi.kz/shop/p/msi-katana-gf66-12ue-1227xkz-9s7-158332-1227-krasnyi-108373889/?c=710000000,Ноутбук MSI Katana GF66 12UE-1227XKZ 9S7-158332-1227 красный,859 720 ₸,54 392 ₸,15.6 дюйм,1920x1080 Full HD,240 Гц,IPS,Intel Core i7 12650H,NVIDIA GeForce RTX 3060,16 ГБ,SSD,1024 ГБ
193,https://kaspi.kz/shop/p/asus-vivobook-s-16x-s5602za-l2062w-90nb0wd3-m005x0-serebristyi-107959661/?c=710000000,Ноутбук ASUS Vivobook S 16X S5602ZA-L2062W 90NB0WD3-M005X0 серебристый,592 100 ₸,37 461 ₸,16 дюйм,3840 x 2400 Ultra HD+,60 Гц,OLED,Intel Core i5 12500H,Intel Iris Xe Graphics,16 ГБ,SSD,512 ГБ
194,https://kaspi.kz/shop/p/dell-vostro-3520-210-becx-1-chernyi-108238363/?c=710000000,Ноутбук DELL Vostro 3520 210-BECX-1 черный,574 250 ₸,36 331 ₸,15.6 дюйм,1920x1080 Full HD,120 Гц,IPS,Intel Core i7 1255U,Intel Iris Xe Graphics,16 ГБ,SSD,512 ГБ
195,https://kaspi.kz/shop/p/asus-fx517ze-hn162-90nr0951-m00a00-chernyi-106919564/?c=710000000,Ноутбук ASUS FX517ZE-HN162 90NR0951-M00A00 черный,599 690 ₸,37 941 ₸,15.6 дюйм,1920x1080,144 Гц,IPS,Intel Core i5 12450H,NVIDIA GEFORCE RTX 3050,16 ГБ,SSD,512 ГБ
196,https://kaspi.kz/shop/p/hp-spectre-x360-16-f1012ci-725x0ea-temno-sinii-107928965/?c=710000000,Ноутбук HP Spectre x360 16-f1012ci 725X0EA темно-синий,1 129 899 ₸,71 485 ₸,16 дюйм,3840x2400 Ultra HD+,60 Гц,WVA,Intel Core i7 1260P,Intel Arc A370M,16 ГБ,SSD,1024 ГБ
197,https://kaspi.kz/shop/p/hp-omen-16-c0057ur-5r9s0ea-chernyi-108047284/?c=710000000,Ноутбук HP Omen 16-c0057ur 5R9S0EA черный,879 900 ₸,55 669 ₸,16.1 дюйм,1920x1080 Full HD,144 Гц,IPS,AMD Ryzen 7 5800H,NVIDIA GeForce RTX 3070,16 ГБ,SSD,512 ГБ
198,https://kaspi.kz/shop/p/lenovo-legion-5-15arh7h-82rd006hrk-temno-seryi-108719972/?c=710000000,Ноутбук Lenovo Legion 5 15ARH7H 82RD006HRK темно-серый,752 510 ₸,47 609 ₸,15.6 дюйм,2560x1440 2.5K,165 Гц,IPS,AMD Ryzen 5 6600H,NVIDIA GeForce RTX 3060,16 ГБ,SSD,1024 ГБ
199,https://kaspi.kz/shop/p/dell-vostro-5620-210-bdbl-3-seryi-108094456/?c=710000000,Ноутбук DELL Vostro 5620 210-BDBL-3 серый,595 560 ₸,37 679 ₸,16 дюйм,1920x1200 Full HD,60 Гц,WVA,Intel Core i5 1240P,Intel Iris Xe Graphics,16 ГБ,SSD,512 ГБ
200,https://kaspi.kz/shop/p/dell-vostro-7620-210-bdvl-2-chernyi-107542990/?c=710000000,Ноутбук DELL Vostro 7620 210-BDVL-2 черный,886 440 ₸,56 082 ₸,16 дюйм,3072x1920,60 Гц,WVA,Intel Core i7 12700H,NVIDIA GeForce RTX 3050,16 ГБ,SSD,512 ГБ
201,https://kaspi.kz/shop/p/dell-vostro-5620-210-bdbl-8-seryi-108098423/?c=710000000,Ноутбук DELL Vostro 5620 210-BDBL-8 серый,707 620 ₸,44 769 ₸,16 дюйм,1920x1200,60 Гц,WVA,Intel Core i7 1260P,NVIDIA GeForce MX570,16 ГБ,SSD,512 ГБ
202,https://kaspi.kz/shop/p/msi-katana-gf76-12ueok-813xge-9s7-17l324-813-chernyi-108699028/?c=710000000,Ноутбук MSI Katana GF76 12UEOK-813XGE 9S7-17L324-813 черный,849 590 ₸,53 751 ₸,17.3 дюйм,1920x1080,144 Гц,IPS,Intel Core i7 12700H,NVIDIA GeForce RTX 3060,16 ГБ,SSD,512 ГБ
203,https://kaspi.kz/shop/p/acer-an515-57-558x-nh-qfger-009-chernyi-107576760/?c=710000000,Ноутбук Acer AN515-57-558X NH.QFGER.009 черный,759 990 ₸,48 082 ₸,15.6 дюйм,1920x1080 Full HD,144 Гц,IPS,Intel Core i5 11400H,NVIDIA GeForce RTX 3070,16 ГБ,SSD,512 ГБ
204,https://kaspi.kz/shop/p/huawei-matebook-d16-rlef-x-53013jhp-seryi-106409187/?c=710000000,Ноутбук Huawei MateBook D16 RLEF-X 53013JHP серый,549 990 ₸,34 796 ₸,16 дюйм,1920x1200,60 Гц,IPS,Intel Core i5-12500H,Intel Iris Xe Graphics,16 ГБ,SSD,512 ГБ
205,https://kaspi.kz/shop/p/asus-tuf-dash-f15-fx517zm-hn094-90nr09q3-m009r0-chernyi-106255256/?c=710000000,Ноутбук ASUS TUF Dash F15 FX517ZM-HN094 90NR09Q3-M009R0 черный,729 700 ₸,46 166 ₸,15.6 дюйм,FHD 1920 x 1080,144 Гц,IPS,Intel Core i5-12450H,nVidia GeForce RTX 3060,16 ГБ,SSD,512 ГБ
206,https://kaspi.kz/shop/p/acer-predator-helios-300-ph315-55-nh-qgmer-004-chernyi-107847515/?c=710000000,Ноутбук Acer Predator Helios 300 PH315-55 NH.QGMER.004 черный,1 199 990 ₸,75 920 ₸,15.6 дюйм,1920x1080,165 Гц,IPS,Intel Core i7 12700H ,NVIDIA GeForce RTX 3080,16 ГБ,SSD,1000 ГБ
207,https://kaspi.kz/shop/p/asus-tuf-gaming-f15-fx506hm-hn148-90nr0753-m03770-seryi-103143234/?c=710000000,Ноутбук ASUS TUF Gaming F15 FX506HM-HN148 90NR0753-M03770 серый,619 990 ₸,39 225 ₸,15.6 дюйм,1920х1080 Full HD,144 Гц,IPS,Intel Core i5-11400H,NVIDIA GeForce RTX 3060,16 ГБ,SSD,512 ГБ
208,https://kaspi.kz/shop/p/asus-rog-zephyrus-m16-gu603ze-k8033w-90nr0941-m00300-chernyi-108356304/?c=710000000,Ноутбук ASUS ROG Zephyrus M16 GU603ZE-K8033W 90NR0941-M00300 черный,929 990 ₸,58 838 ₸,16 дюйм,2560x1600 QHD+,165 Гц,IPS,Intel Core i7 12700H,NVIDIA GeForce RTX 3050 Ti,16 ГБ,SSD,512 ГБ
209,https://kaspi.kz/shop/p/acer-nitro-5-an515-45-nh-qbser-00d-chernyi-107798631/?c=710000000,Ноутбук Acer Nitro 5 AN515-45 NH.QBSER.00D черный,1 049 990 ₸,66 430 ₸,15.6 дюйм,1920x1080 Full HD,144 Гц,IPS,Ryzen 7 5800H,NVidia GeForce RTX 3080,16 ГБ,SSD,512 ГБ
210,https://kaspi.kz/shop/p/lg-gram-16z90p-g-ah85r-temno-seryi-108114579/?c=710000000,Ноутбук LG gram 16Z90P-G.AH85R темно-серый,799 990 ₸,50 613 ₸,16 дюйм,2560x1600 2.5K,60 Гц,IPS,Intel Core i7 1165G7,Iris Xe Graphics,16 ГБ,SSD,512 ГБ
211,https://kaspi.kz/shop/p/acer-conceptd-5-cn516-72p-nx-c6aer-003-chernyi-108008803/?c=710000000,Ноутбук ACER ConceptD 5 CN516-72P NX.C6AER.003 черный,1 249 990 ₸,79 083 ₸,16 дюйм,3072x1920,60 Гц,IPS,Intel Core i7 11800H,NVIDIA RTX A3000,16 ГБ,SSD,512 ГБ
212,https://kaspi.kz/shop/p/razer-blade-17-rz09-0423eed3-r3e1-chernyi-107960960/?c=710000000,Ноутбук Razer Blade 17 RZ09-0423EED3-R3E1 черный,1 734 930 ₸,109 763 ₸,17.3 дюйм,QHD,240 Гц,IPS,Intel Core i7 12800H,NVIDIA GeForce RTX 3060,16 ГБ,SSD,1024 ГБ
213,https://kaspi.kz/shop/p/asus-rog-strix-g15-g513rs-hq040w-90nr0b55-m001x0-seryi-108114533/?c=710000000,Ноутбук ASUS ROG Strix G15 G513RS-HQ040W 90NR0B55-M001X0 серый,1 279 980 ₸,80 980 ₸,15.6 дюйм,2560x1440 WQHD,165 Гц,IPS,AMD Ryzen 7 6800H,NVIDIA GeForce RTX 3080,16 ГБ,SSD,1000 ГБ
214,https://kaspi.kz/shop/p/lenovo-legion-5-15ach6h-82ju017cru-chernyi-106912608/?c=710000000,Ноутбук Lenovo Legion 5 15ACH6H 82JU017CRU черный,719 000 ₸,45 489 ₸,15.6 дюйм,1920x1080,165 Гц,IPS,AMD Ryzen 5 5600H,Nvidea GeForce RTX 3060,16 ГБ,SSD,512 ГБ
215,https://kaspi.kz/shop/p/lenovo-ideapad-gaming-3-15ihu6-82k10012rk-chernyi-105783446/?c=710000000,Ноутбук Lenovo IdeaPad Gaming 3 15IHU6 82K10012RK черный,576 000 ₸,36 442 ₸,15.6 дюйм,1920x1080 Full HD,120 Гц,IPS,Intel Core i5-11300H,NVIDIA GeForce RTX 3050 Ti,16 ГБ,SSD,512 ГБ
216,https://kaspi.kz/shop/p/lenovo-legion-5-15ach6-82jw00plru-sinii-107675247/?c=710000000,Ноутбук Lenovo Legion 5 15ACH6 82JW00PLRU синий,699 990 ₸,44 286 ₸,15.6 дюйм,1920x1080,165 Гц,IPS,AMD Ryzen 5 5600H,NVIDIA GeForce RTX 3050 Ti,16 ГБ,SSD,512 ГБ
217,https://kaspi.kz/shop/p/lenovo-yoga-7-15itl5-82bj00dcru-seryi-107675185/?c=710000000,Ноутбук Lenovo Yoga 7 15ITL5 82BJ00DCRU серый,649 990 ₸,41 123 ₸,15.6 дюйм,1920x1080,60 Гц,IPS,Intel Core i7 1165G7,Intel Iris Xe Graphics,16 ГБ,SSD,1000 ГБ
218,https://kaspi.kz/shop/p/acer-nitro-5-an517-41g-nh-qbher-00r-chernyi-108047473/?c=710000000,Ноутбук Acer Nitro 5 AN517-41G NH.QBHER.00R черный,1 159 990 ₸,73 389 ₸,17.3 дюйм,1920x1080 Full HD,144 Гц,IPS,AMD Ryzen 9 5900HX,NVIDIA GeForce RTX 3080,16 ГБ,SSD,1000 ГБ
219,https://kaspi.kz/shop/p/hp-victus-16-e0121ur-5a9g9ea-serebristyi-107490557/?c=710000000,Ноутбук HP Victus 16-e0121ur 5A9G9EA серебристый,729 990 ₸,46 184 ₸,16.1 дюйм,1920x1080 Full HD,144 Гц,IPS,AMD Ryzen 7 5800H,NVIDIA GeForce RTX 3060,16 ГБ,SSD,1024 ГБ
220,https://kaspi.kz/shop/p/acer-swift-3-sf316-51-nx-abder-00h-seryi-106874667/?c=710000000,Ноутбук Acer Swift 3 SF316-51 NX.ABDER.00H серый,549 990 ₸,34 796 ₸,16.1 дюйм,1920x1080 Full HD,60 Гц,IPS,Intel Core i7 11370H, Intel Iris Xe Graphics,16 ГБ,SSD,512 ГБ
221,https://kaspi.kz/shop/p/hp-victus-16-e0148ur-638f3ea-serebristyi-107490665/?c=710000000,Ноутбук HP Victus 16-e0148ur 638F3EA серебристый,609 990 ₸,38 592 ₸,16.1 дюйм,1920x1080 Full HD,144 Гц,IPS,AMD Ryzen 5 5600H,NVIDIA GeForce RTX 3060,16 ГБ,SSD,512 ГБ
222,https://kaspi.kz/shop/p/asus-vivobook-pro-15-k3500ph-90nb0uv2-m02960-sinii-103431492/?c=710000000,Ноутбук ASUS VivoBook Pro 15 K3500PH 90NB0UV2-M02960 синий,685 990 ₸,43 401 ₸,15.6 дюйм,1920x1080,60 Гц,IPS,Intel Core i5 11300H,GeForce GTX 1650 Max-Q,16 ГБ,SSD,512 ГБ
223,https://kaspi.kz/shop/p/asus-tuf-gaming-a15-fa506qm-hn018-90nr0607-m006u0-chernyi-107574566/?c=710000000,Ноутбук ASUS TUF Gaming A15 FA506QM-HN018 90NR0607-M006U0 черный,699 990 ₸,44 286 ₸,15.6 дюйм,1920x1080 Full HD,144 Гц,IPS,AMD Ryzen 7 5800H,NVIDIA GeForce RTX 3060,16 ГБ,SSD,512 ГБ
224,https://kaspi.kz/shop/p/huawei-matebook-d15-bohrd-wfe9a-seryi-105530880/?c=710000000,Ноутбук Huawei MateBook D15 BohrD-WFE9A серый,561 875 ₸,35 548 ₸,15.6 дюйм,1920х1080 (FullHD),60 Гц,IPS,Intel Core i7 1165G7,Intel Iris Xe Graphics,16 ГБ,SSD,511 ГБ
225,https://kaspi.kz/shop/p/lenovo-legion-5-pro-16ach6h-82jq010brk-seryi-106138890/?c=710000000,Ноутбук Lenovo Legion 5 Pro 16ACH6H 82JQ010BRK серый,794 990 ₸,50 297 ₸,16 дюйм,2560x1600 WQXGA,165 Гц,IPS,AMD Ryzen 5 5600H,NVIDIA GeForce RTX 3060,16 ГБ,SSD,1024 ГБ
226,https://kaspi.kz/shop/p/dream-machines-rg3060-15kz20-chernyi-103583128/?c=710000000,Ноутбук Dream Machines RG3060-15KZ20 черный,661 874 ₸,41 875 ₸,15.6 дюйм,1920x1080 Full HD,144 Гц,IPS,Intel Core i5 11400H,NVIDIA GeForce RTX 3060,16 ГБ,SSD,500 ГБ
227,https://kaspi.kz/shop/p/lenovo-legion-7-16achg6-82n600turk-seryi-106727674/?c=710000000,Ноутбук Lenovo Legion 7 16ACHG6 82N600TURK серый,1 029 990 ₸,65 164 ₸,16 дюйм,2560x1600 2.2K,165 Гц,IPS,AMD Ryzen 7 5800H,NVIDIA GeForce RTX 3070,16 ГБ,SSD,1000 ГБ
228,https://kaspi.kz/shop/p/asus-tuf-gaming-f15-fx506hm-az122-90nr0753-m03080-seryi-102114692/?c=710000000,Ноутбук ASUS TUF Gaming F15 FX506HM-AZ122 90NR0753-M03080 серый,799 990 ₸,50 613 ₸,15.6 дюйм,1920х1080 Full HD,240 Гц,IPS,Intel Core i5-11400H,NVIDIA GeForce RTX 3060 + Intel UHD Graphics,16 ГБ,SSD,512 ГБ
229,https://kaspi.kz/shop/p/hp-envy-x360-touch-15-eu0015ur-633w7ea-chernyi-106944543/?c=710000000,Ноутбук HP ENVY x360 Touch 15-eu0015ur 633W7EA черный,559 990 ₸,35 429 ₸,15.6 дюйм,1920x1080 Full HD,60 Гц,IPS,AMD Ryzen 7 5700U,AMD Radeon Graphics,16 ГБ,SSD,512 ГБ
230,https://kaspi.kz/shop/p/acer-aspire-3-a315-43-r5162sun-nx-k7cer-007-chernyi-108307739/?c=710000000,Ноутбук Acer Aspire 3 A315-43 R5162SUN NX.K7CER.007 черный,359 990 ₸,22 776 ₸,15.6 дюйм,1920x1080,60 Гц,IPS,AMD Ryzen 5 5500U,AMD Radeon Graphics,16 ГБ,SSD,256 ГБ
231,https://kaspi.kz/shop/p/acer-nitro-5-an515-46-nh-qh0er-001-chernyi-108212891/?c=710000000,Ноутбук Acer Nitro 5 AN515-46 NH.QH0ER.001 черный,799 990 ₸,50 613 ₸,15.6 дюйм,1920x1080 Full HD,144 Гц,IPS,AMD Ryzen 5 6600H,NVIDIA GeForce RTX 3070,16 ГБ,SSD,512 ГБ
232,https://kaspi.kz/shop/p/lenovo-legion-5-82rd00acrk-seryi-108345291/?c=710000000,Ноутбук Lenovo Legion 5 82RD00ACRK серый,929 990 ₸,58 838 ₸,15.6 дюйм,2560x1440 2.5K,165 Гц,IPS,AMD Ryzen 7 6800H,NVIDIA GeForce RTX 3070,16 ГБ,SSD,512 ГБ
233,https://kaspi.kz/shop/p/acer-nitro-5-an515-58-75ze-nh-qfler-00b-chernyi-106607835/?c=710000000,Ноутбук Acer Nitro 5 AN515-58-75ZE NH.QFLER.00B черный,629 990 ₸,39 858 ₸,15.6 дюйм,1920x1080 Full HD,144 Гц,IPS,Intel Core i7 12700H,NVIDIA GeForce RTX 3050 Ti,16 ГБ,SSD,512 ГБ
234,https://kaspi.kz/shop/p/hp-victus-15-fa0034ci-6x7n1ea-chernyi-107848004/?c=710000000,Ноутбук HP Victus 15-fa0034ci 6X7N1EA черный,549 880 ₸,34 789 ₸,15.6 дюйм,1920x1080,144 Гц,IPS,Intel Core i5 12500H,NVIDIA GeForce RTX 3050,16 ГБ,SSD,512 ГБ
235,https://kaspi.kz/shop/p/lenovo-legion-5-82nl0034rk-chernyi-106787558/?c=710000000,Ноутбук Lenovo Legion 5 82NL0034RK черный,599 990 ₸,37 960 ₸,15.6 дюйм,1920x1080,60 Гц,IPS,Intel Core i5 10500H,NVIDIA GeForce RTX 3050 Ti,16 ГБ,SSD,512 ГБ
236,https://kaspi.kz/shop/p/acer-nitro-5-an515-46-nh-qgzer-009-chernyi-106111851/?c=710000000,Ноутбук Acer Nitro 5 AN515-46 NH.QGZER.009 черный,749 990 ₸,47 450 ₸,15.6 дюйм,1920x1080,144 Гц,IPS,AMD Ryzen 7 6800H,NVIDIA GeForce RTX 3060,16 ГБ,SSD,1024 ГБ
237,https://kaspi.kz/shop/p/dell-latitude-5530-210-bdjk-1-seryi-108372203/?c=710000000,Ноутбук DELL Latitude 5530 210-BDJK-1 серый,595 990 ₸,37 707 ₸,15.6 дюйм,1920x1080 Full HD,90 Гц,IPS,Intel Core i5 1235U,Intel Iris Xe Graphics,16 ГБ,SSD,512 ГБ
238,https://kaspi.kz/shop/p/hp-pectre-x360-16-f1006ur-725w8ea-sinii-107525022/?c=710000000,Ноутбук HP pectre x360 16-f1006ur 725W8EA синий,975 890 ₸,61 742 ₸,16 дюйм,3072x1920,60 Гц,IPS,Intel Core i7-12700H,Intel Iris Xe,16 ГБ,SSD,1024 ГБ
239,https://kaspi.kz/shop/p/razer-blade-15-advanced-rz09-0421eed3-r3e1-chernyi-107849640/?c=710000000,Ноутбук Razer Blade 15 Advanced RZ09-0421EED3-R3E1 черный,1 461 600 ₸,92 471 ₸,15.6 дюйм,2560x1440 QHD,240 Гц,IPS,Intel Core i7 12800H,NVIDIA GeForce RTX 3060,16 ГБ,SSD,1024 ГБ
240,https://kaspi.kz/shop/p/lenovo-legion-5-15ach6-82jw00pmru-sinii-107675209/?c=710000000,Ноутбук Lenovo Legion 5 15ACH6 82JW00PMRU синий,679 990 ₸,43 021 ₸,15.6 дюйм,1920x1080,165 Гц,IPS,AMD Ryzen 5 5600H, NVIDIA GeForce RTX 3050,16 ГБ,SSD,512 ГБ
241,https://kaspi.kz/shop/p/lenovo-legion-7-16achg6-82n6001mrk-seryi-106887805/?c=710000000,Ноутбук Lenovo Legion 7 16ACHg6 82N6001MRK серый,1 299 990 ₸,82 246 ₸,16 дюйм,2560x1600 WQXGA,165 Гц,IPS,AMD Ryzen 7 5800H,NVIDIA GeForce RTX 3080,16 ГБ,SSD,1000 ГБ
242,https://kaspi.kz/shop/p/razer-blade-15-rz09-0410ae22-r3e1-chernyi-108012699/?c=710000000,Ноутбук Razer Blade 15 RZ09-0410AE22-R3E1 черный,1 039 890 ₸,65 791 ₸,15.6 дюйм,1920x1080 Full HD,144 Гц,IPS,Intel Core i7-11800H,NVIDIA GeForce RTX 3060,16 ГБ,SSD,512 ГБ
243,https://kaspi.kz/shop/p/acer-nitro-5-an517-54-573r-nh-qfcer-007-chernyi-106671694/?c=710000000,Ноутбук Acer Nitro 5 AN517-54-573R NH.QFCER.007 черный,799 990 ₸,50 613 ₸,17.3 дюйм,1920 x 1080 Full HD,144 Гц,IPS,Intel Core i5 11400H,NVIDIA GeForce RTX 3070,16 ГБ,SSD,512 ГБ
244,https://kaspi.kz/shop/p/asus-tuf-gaming-f15-90nr0704-m00d00-chernyi-107230798/?c=710000000,Ноутбук ASUS TUF Gaming F15 90NR0704-M00D00 черный,559 990 ₸,35 429 ₸,15.6 дюйм, 1920x1080,144 Гц,IPS,Intel Core i5 11400H,NVIDIA GeForce RTX 3050 Ti,16 ГБ,SSD,512 ГБ
245,https://kaspi.kz/shop/p/lenovo-legion-5-15ach6h-82ju018wrk-sinii-106138942/?c=710000000,Ноутбук Lenovo Legion 5 15ACH6H 82JU018WRK синий,829 990 ₸,52 511 ₸,15.6 дюйм,1920x1080 Full HD,165 Гц,IPS,AMD Ryzen 7 5800H,NVIDIA GeForce RTX 3070,16 ГБ,SSD,2048 ГБ
246,https://kaspi.kz/shop/p/acer-aspire-7-a715-51g-nh-qhuer-004-chernyi-107658642/?c=710000000,Ноутбук Acer Aspire 7 A715-51G NH.QHUER.004 черный,699 990 ₸,44 286 ₸,15.6 дюйм,1920x1080 Full HD,144 Гц,IPS,Intel Core i7 1260P,GeForce RTX 3050 Ti,16 ГБ,SSD,512 ГБ
247,https://kaspi.kz/shop/p/lenovo-legion-5-15imh6-82nl00bxrk-chernyi-107673298/?c=710000000,Ноутбук Lenovo Legion 5 15IMH6 82NL00BXRK черный,629 990 ₸,39 858 ₸,15.6 дюйм,1920x1080 Full HD,120 Гц,IPS,Intel Core i7 10750H,NVIDIA GeForce RTX 3050,16 ГБ,SSD,512 ГБ
248,https://kaspi.kz/shop/p/lenovo-legion-5-pro-16ach6-82js006mrk-seryi-107705201/?c=710000000,Ноутбук Lenovo Legion 5 Pro 16ACH6 82JS006MRK серый,699 990 ₸,44 286 ₸,16 дюйм,2560x1600 WQXGA,165 Гц,IPS,AMD Ryzen 7 5800H,NVIDIA GeForce RTX 3050 Ti,16 ГБ,SSD,512 ГБ
249,https://kaspi.kz/shop/p/asus-tuf-dash-f15-fx517zr-hn014-90nr0av3-m002u0-chernyi-107847693/?c=710000000,Ноутбук ASUS TUF Dash F15 FX517ZR-HN014 90NR0AV3-M002U0 черный,899 990 ₸,56 940 ₸,15.6 дюйм,1920x1080,144 Гц,IPS,Intel Core i7 12650H ,NVIDIA GeForce RTX 3070,16 ГБ,SSD,1000 ГБ
250,https://kaspi.kz/shop/p/acer-predator-triton-pt316-51s-nh-qgjer-006-serebristyi-106874049/?c=710000000,Ноутбук Acer Predator Triton PT316-51S NH.QGJER.006 серебристый,1 039 990 ₸,65 797 ₸,16 дюйм,2560x1600 2.5K,240 Гц,LCD,Intel Core i5 12500H,NVIDIA GeForce RTX 3060,16 ГБ,SSD,1024 ГБ
251,https://kaspi.kz/shop/p/hp-omen-16-b1012ci-6m882ea-chernyi-107198282/?c=710000000,Ноутбук HP Omen 16-b1012ci 6M882EA черный,798 990 ₸,50 550 ₸,16.1 дюйм,1920x1080 Full HD,144 Гц,IPS,Intel Core i5 12500H,GeForce RTX 3060,16 ГБ,SSD,1024 ГБ
252,https://kaspi.kz/shop/p/acer-aspire-7-a715-51g-nh-qgder-004-chernyi-106874696/?c=710000000,Ноутбук Acer Aspire 7 A715-51G NH.QGDER.004 черный,579 990 ₸,36 694 ₸,15.6 дюйм,1920x1080 Full HD,144 Гц,IPS,Intel Core i3 1240P,NVIDIA GeForce RTX 3050 Ti,16 ГБ,SSD,512 ГБ
253,https://kaspi.kz/shop/p/acer-predator-helios-ph317-56-nh-qgver-001-chernyi-106873801/?c=710000000,Ноутбук Acer Predator Helios PH317-56 NH.QGVER.001 черный,959 990 ₸,60 736 ₸,17.3 дюйм,1920x1080 Full HD,144 Гц,LCD,Intel Core i5 12500H,NVIDIA GeForce RTX 3060,16 ГБ,SSD,512 ГБ
254,https://kaspi.kz/shop/p/acer-swift-x-sfx-16-51g-nx-ayler-003-seryi-106874126/?c=710000000,Ноутбук Acer Swift X SFX-16-51G NX.AYLER.003 серый,599 990 ₸,37 960 ₸,16.1 дюйм,1920x1080 Full HD,60 Гц,LCD,Intel Core i5 11320H,NVIDIA GeForce RTX 3050 Ti,16 ГБ,SSD,512 ГБ
255,https://kaspi.kz/shop/p/acer-predator-helios-ph317-56-nh-qgfer-003-chernyi-106874205/?c=710000000,Ноутбук Acer Predator Helios PH317-56 NH.QGFER.003 черный,1 279 990 ₸,80 981 ₸,17.3 дюйм,1920x1080 select Full HD,165 Гц,LCD,Intel Core i7 12700H,NVIDIA GeForce RTX 3070 Ti,16 ГБ,SSD,1024 ГБ
256,https://kaspi.kz/shop/p/lenovo-legion-5-82rb00nvrk-seryi-108356431/?c=710000000,Ноутбук Lenovo Legion 5 82RB00NVRK серый,749 990 ₸,47 450 ₸,15.6 дюйм,1920x1080 Full HD,144 Гц,IPS,Intel Core i5 12500H,NVIDIA GeForce RTX 3060,16 ГБ,SSD,512 ГБ
257,https://kaspi.kz/shop/p/asus-rog-strix-g513im-hq138-90nr0522-m000w0-seryi-104030507/?c=710000000,Ноутбук ASUS ROG Strix G513IM-HQ138 90NR0522-M000W0 серый,989 990 ₸,62 634 ₸,15.6 дюйм,WQHD (2560 x 1440) 16:9,165 Гц,IPS,AMD Ryzen 7 4800H,NVIDIA GeForce RTX 3060,16 ГБ,SSD,1000 ГБ
258,https://kaspi.kz/shop/p/apple-macbook-pro-16-mk1f3-seryi-102944764/?c=710000000,Ноутбук Apple MacBook Pro 16 MK1F3 серый,1 302 840 ₸,82 427 ₸,16 дюйм,3456x2234,120 Гц,IPS,Apple M1 Pro,Apple M1 Pro 16-Core,16 ГБ,SSD,1000 ГБ
259,https://kaspi.kz/shop/p/msi-alpha-15-b5eek-089xkz-chernyi-104363501/?c=710000000,Ноутбук MSI Alpha 15 B5EEK-089XKZ черный,724 700 ₸,45 850 ₸,15.6 дюйм,1920x1080 Full HD,144 Гц,IPS,AMD Ryzen 7-5800H,AMD Radeon RX 6600M,16 ГБ,SSD,512 ГБ
260,https://kaspi.kz/shop/p/apple-macbook-pro-16-mvvm2-serebristyi-100397588/?c=710000000,Ноутбук Apple MacBook Pro 16 MVVM2 серебристый,2 450 008 ₸,155 004 ₸,16 дюйм,3072x1920,60 Гц,IPS,Intel Core i9 9880H,AMD Radeon 5500,16 ГБ,SSD,1000 ГБ
261,https://kaspi.kz/shop/p/asus-rog-strix-g17-g713rw-kh034w-90nr08h4-m000z0-seryi-106414266/?c=710000000,Ноутбук ASUS ROG Strix G17 G713RW-KH034W 90NR08H4-M000Z0 серый,1 699 993 ₸,107 553 ₸,17.3 дюйм,1920x1080 Full HD,360 Гц,IPS,AMD Ryzen 9 6900HX,NVIDIA GeForce RTX 3070 Ti,16 ГБ,SSD,1000 ГБ
262,https://kaspi.kz/shop/p/hp-elitebook-850-g8-401f0ea-serebristyi-106603465/?c=710000000,Ноутбук HP EliteBook 850 G8 401F0EA серебристый,739 890 ₸,46 811 ₸,15.6 дюйм,1920x1080,60 Гц,IPS,Intel Core i7 1165G7,Intel Iris Xe,16 ГБ,SSD,512 ГБ
263,https://kaspi.kz/shop/p/dell-vostro-3510-210-azzu-a16-seryi-106565603/?c=710000000,Ноутбук DELL Vostro 3510 210-AZZU-A16 серый,454 900 ₸,28 780 ₸,15.6 дюйм,1920x1080 Full HD,60 Гц,VA,Intel Core i5 1135G7,Intel Iris Xe,16 ГБ,SSD,512 ГБ
264,https://kaspi.kz/shop/p/hp-victus-16-e1047ci-725w5ea-temno-seryi-107312577/?c=710000000,Ноутбук HP VICTUS 16-E1047CI 725W5EA темно-серый,597 990 ₸,37 833 ₸,16.1 дюйм,1920x1080 Full HD,60 Гц,IPS,AMD Ryzen 5 6600H,NVIDIA GeForce RTX 3050 Ti,16 ГБ,SSD,1000 ГБ
265,https://kaspi.kz/shop/p/apple-macbook-pro-16-2023-mnw93-seryi-108645788/?c=710000000,Ноутбук Apple MacBook Pro 16 2023 MNW93 серый,1 699 990 ₸,107 553 ₸,16.2 дюйм,"3456x2234, Liquid Retina XDR",120 Гц,miniLED,Apple M2 Pro,Apple M2 Pro 19-Core,16 ГБ,SSD,1024 ГБ
266,https://kaspi.kz/shop/p/apple-macbook-pro-16-2023-mnw83-seryi-108645654/?c=710000000,Ноутбук Apple MacBook Pro 16 2023 MNW83 серый,1 574 990 ₸,99 645 ₸,16.2 дюйм,"3456x2234, Liquid Retina XDR",120 Гц,miniLED,Apple M2 Pro,Apple M2 Pro 19-Core,16 ГБ,SSD,512 ГБ
267,https://kaspi.kz/shop/p/lenovo-ideapad-gaming-3-15ach6-82k2002ark-chernyi-105087579/?c=710000000,Ноутбук Lenovo IdeaPad Gaming 3 15ACH6 82K2002ARK черный,698 892 ₸,44 217 ₸,15.6 дюйм,1920x1080,120 Гц,IPS,AMD Ryzen 5 5600H,NVIDIA GeForce RTX 3050 4GB GDDR6,16 ГБ,SSD,512 ГБ
268,https://kaspi.kz/shop/p/lenovo-ideapad-gaming-3-16iah7-82sa00dlrk-seryi-107332615/?c=710000000,Ноутбук Lenovo IdeaPad Gaming 3 16IAH7 82SA00DLRK серый,901 531 ₸,57 037 ₸,16 дюйм,1920x1200 Full HD+,165 Гц,IPS,Intel Core i7 12700H,NVIDIA GeForce RTX 3060,16 ГБ,SSD,1024 ГБ
269,https://kaspi.kz/shop/p/asus-vivobook-s15-oled-m3502qa-ma034w-90nb0xx2-m00140-chernyi-108214576/?c=710000000,Ноутбук ASUS VivoBook S15 OLED M3502QA-MA034W 90NB0XX2-M00140 черный,519 990 ₸,32 898 ₸,15.6 дюйм,2880x1620,120 Гц,OLED,AMD Ryzen 7 5800H,AMD Radeon Graphics,16 ГБ,SSD,512 ГБ
270,https://kaspi.kz/shop/p/asus-tuf-dash-f15-fx516pe-90nr0641-m00560-chernyi-101405400/?c=710000000,Ноутбук ASUS TUF Dash F15 FX516PE 90NR0641-M00560 черный,799 990 ₸,50 613 ₸,15.6 дюйм,"1920x1080, широкоформатный",144 Гц,IPS,Intel Core i7 11370H,NVIDIA GeForce RTX 3050 Ti,16 ГБ,SSD,512 ГБ
271,https://kaspi.kz/shop/p/asus-tuf-gaming-f15-fx506h-90nr0723-m05380-chernyi-102216407/?c=710000000,Ноутбук ASUS TUF Gaming F15 FX506H 90NR0723-M05380 черный,649 500 ₸,41 092 ₸,15.6 дюйм,1920x1080,144 Гц,IPS,Intel Core i5 11400H,nVidia GeForce RTX RTX 3050,16 ГБ,SSD,512 ГБ
272,https://kaspi.kz/shop/p/gigabyte-g5-gd-gd-51ru123-121sd-chernyi-102606192/?c=710000000,Ноутбук GIGABYTE G5 GD GD-51RU123/121SD черный,618 900 ₸,39 156 ₸,15.6 дюйм,"1920x1080, широкоформатный",144 Гц,IPS,Intel Core i5 11400H,NVIDIA GeForce RTX 3050,16 ГБ,SSD,512 ГБ
273,https://kaspi.kz/shop/p/lenovo-legion-5-15iah7h-82rb00fbrk-seryi-108520159/?c=710000000,Ноутбук Lenovo Legion 5 15IAH7H 82RB00FBRK серый,1 078 597 ₸,68 240 ₸,15.6 дюйм,2560x1440 2.5K,165 Гц,IPS,Intel Core i7-12700H,NVIDIA GeForce RTX 3070 ,16 ГБ,SSD,1000 ГБ
274,https://kaspi.kz/shop/p/lenovo-legion-5-15iah7h-82rb00esrk-seryi-108527595/?c=710000000,Ноутбук Lenovo Legion 5 15IAH7H 82RB00ESRK серый,921 127 ₸,58 277 ₸,15.6 дюйм,2560x1440 2.5K,165 Гц,IPS,Intel Core i7-12700H,NVIDIA GeForce RTX 3060,16 ГБ,SSD,1000 ГБ
275,https://kaspi.kz/shop/p/gigabyte-g5-kd-9rc45kd0mlg101ru001-chernyi-104374658/?c=710000000,Ноутбук GIGABYTE G5 KD 9RC45KD0MLG101RU001 черный,638 000 ₸,40 365 ₸,15.6 дюйм,1920x1080 Full HD,144 Гц,IPS,Intel Core i5 11400H,NVIDIA GeForce RTX 3060,16 ГБ,SSD,512 ГБ
276,https://kaspi.kz/shop/p/lenovo-ideapad-gaming-3-15ach6-82k201rhru-chernyi-106040839/?c=710000000,Ноутбук Lenovo IdeaPad Gaming 3 15ACH6 82K201RHRU черный,699 428 ₸,44 251 ₸,15.6 дюйм,1920x1080 Full HD,120 Гц,IPS,AMD Ryzen 5,NVIDIA GeForce RTX 3050 Ti,16 ГБ,SSD,512 ГБ
277,https://kaspi.kz/shop/p/lenovo-thinkpad-l15-gen-3-21c7003qrt-chernyi-108519653/?c=710000000,Ноутбук Lenovo ThinkPad L15 Gen 3 21C7003QRT черный,623 409 ₸,39 441 ₸,15.6 дюйм,1920x1080 Full HD,60 Гц,IPS,AMD Ryzen 7 Pro 5875U,AMD Radeon Graphics,16 ГБ,SSD,512 ГБ
278,https://kaspi.kz/shop/p/lenovo-thinkpad-t16-gen-1-21bv009jrt-chernyi-108519571/?c=710000000,Ноутбук Lenovo ThinkPad T16 Gen 1 21BV009JRT черный,1 194 969 ₸,75 602 ₸,16 дюйм,1920x1200 Full HD+,60 Гц,IPS,Intel Core i7 1255U,Intel Iris Xe,16 ГБ,SSD,1024 ГБ
279,https://kaspi.kz/shop/p/gigabyte-aero-16-ke5-72ru934hq-chernyi-106365827/?c=710000000,Ноутбук GIGABYTE AERO 16 KE5 72RU934HQ черный,1 185 619 ₸,75 010 ₸,16 дюйм,3840x2400,60 Гц,OLED,Intel Core i7-12700H,NVIDIA GeForce RTX 3060,16 ГБ,SSD,1024 ГБ
280,https://kaspi.kz/shop/p/acer-nitro-5-nh-qfmer-008-chernyi-106826578/?c=710000000,Ноутбук Acer Nitro 5 NH.QFMER.008 черный,859 980 ₸,54 408 ₸,15.6 дюйм,1920x1080 Full HD,60 Гц,IPS,Intel Core i7 12700H,NVIDIA GeForce RTX 3060,16 ГБ,SSD,1024 ГБ
281,https://kaspi.kz/shop/p/gigabyte-aorus-17-xe4-xe4-73ru514ud-seryi-108213324/?c=710000000,Ноутбук GIGABYTE AORUS 17 XE4 XE4-73RU514UD серый,1 115 288 ₸,70 561 ₸,17.3 дюйм,1920x1080 Full HD,360 Гц,IPS,Intel Core i7-12700H,NVIDIA GeForce RTX 3070 Ti,16 ГБ,SSD,1024 ГБ
282,https://kaspi.kz/shop/p/lenovo-thinkbook-16-g4-21cy001pru-seryi-108519624/?c=710000000,Ноутбук Lenovo ThinkBook 16 G4+ 21CY001PRU серый,971 331 ₸,61 453 ₸,16 дюйм,2560x1600 2.5K,60 Гц,IPS,Intel Core i5 12500H,NVIDIA GeForce RTX 2050,16 ГБ,SSD,512 ГБ
283,https://kaspi.kz/shop/p/chuwi-corebook-x-pro-4c8t-16g-512g-seryi-106242138/?c=710000000,Ноутбук Chuwi CoreBook X Pro 4C8T 16G/512G серый,369 990 ₸,23 408 ₸,15.6 дюйм,1920x1080,60 Гц,IPS,Intel Core i5 10210U,Intel 10th UHD Graphics,16 ГБ,SSD,512 ГБ
284,https://kaspi.kz/shop/p/lenovo-thinkpad-e15-gen-4-21ed006urt-chernyi-108519740/?c=710000000,Ноутбук Lenovo ThinkPad E15 Gen 4 21ED006URT черный,552 695 ₸,34 968 ₸,15.6 дюйм,1920x1080 Full HD,60 Гц,IPS,AMD Ryzen 7 5825U,AMD Radeon Graphics,16 ГБ,SSD,512 ГБ
285,https://kaspi.kz/shop/p/lenovo-thinkpad-t16-gen-1-21bv006drt-chernyi-108519744/?c=710000000,Ноутбук Lenovo ThinkPad T16 Gen 1 21BV006DRT черный,1 025 163 ₸,64 859 ₸,16 дюйм,1920x1200 Full HD,60 Гц,IPS,Intel Core i5 1240P,Intel Iris Xe,16 ГБ,SSD,512 ГБ
286,https://kaspi.kz/shop/p/acer-nitro-5-an515-46-r031-nh-qgzer-007-temno-seryi-106694144/?c=710000000,Ноутбук Acer Nitro 5 AN515-46-R031 NH.QGZER.007 темно-серый,699 469 ₸,44 253 ₸,15.6 дюйм,1920x1080 Full HD,144 Гц,IPS,AMD Ryzen 7 6800H,NVIDIA GeForce RTX 3060,16 ГБ,SSD,512 ГБ
287,https://kaspi.kz/shop/p/gigabyte-aorus-17-xe4-xe4-73ru514sd-chernyi-106042968/?c=710000000,Ноутбук GIGABYTE AORUS 17 XE4 XE4-73RU514SD черный,1 109 660 ₸,70 205 ₸,17.3 дюйм,1920x1080 Full HD,60 Гц,IPS,Intel Core i7 12700H,NVIDIA GeForce RTX 3070 TI,16 ГБ,SSD,1024 ГБ
288,https://kaspi.kz/shop/p/lenovo-thinkbook-15-g2-itl-20ve0056ru-seryi-103294681/?c=710000000,Ноутбук Lenovo ThinkBook 15 G2 ITL 20VE0056RU серый,529 990 ₸,33 531 ₸,15.6 дюйм,1920х1080 Full HD,60 Гц,TN,Intel Core i5 1135G7,Intel Iris Xe Graphics,16 ГБ,SSD,512 ГБ
289,https://kaspi.kz/shop/p/lenovo-legion-5-15arh7h-82rd009xrk-seryi-107332852/?c=710000000,Ноутбук Lenovo Legion 5 15ARH7H 82RD009XRK серый,871 682 ₸,55 149 ₸,15.6 дюйм,1920x1080 Full HD,144 Гц,IPS,AMD Ryzen 7 6800H,NVIDIA GeForce RTX 3060,16 ГБ,SSD,512 ГБ
290,https://kaspi.kz/shop/p/lenovo-thinkpad-t16-gen-1-21bv006prt-chernyi-108437758/?c=710000000,Ноутбук Lenovo ThinkPad T16 Gen 1 21BV006PRT черный,1 148 896 ₸,72 687 ₸,16 дюйм,1920x1200 Full HD+,60 Гц,IPS,Intel Core i7-1260P,Intel Iris Xe Graphics,16 ГБ,SSD,512 ГБ
291,https://kaspi.kz/shop/p/hp-250-g8-2x7k9ea-serebristyi-107198760/?c=710000000,Ноутбук HP 250 G8 2X7K9EA серебристый,481 166 ₸,30 442 ₸,15.6 дюйм,1920x1080 Full HD,60 Гц,VA,Intel Core i7-1165G7,Intel Iris Xe,16 ГБ,SSD,512 ГБ
292,https://kaspi.kz/shop/p/dell-vostro-3510-210-azzu-a21-chernyi-107417116/?c=710000000,Ноутбук DELL Vostro 3510 210-AZZU-A21 черный,441 960 ₸,27 962 ₸,15.6 дюйм,1920x1080 Full HD,60 Гц,VA,Intel Core i5-1135G7,Intel Iris Xe Graphics,16 ГБ,SSD,512 ГБ
293,https://kaspi.kz/shop/p/apple-macbook-pro-16-2023-mnwc3-serebristyi-108645856/?c=710000000,Ноутбук Apple MacBook Pro 16 2023 MNWC3 серебристый,1 574 990 ₸,99 645 ₸,16.2 дюйм,"3456x2234, Liquid Retina XDR",120 Гц,miniLED,Apple M2 Pro,Apple M2 Pro 19-Core,16 ГБ,SSD,512 ГБ
294,https://kaspi.kz/shop/p/apple-macbook-pro-16-2023-mnwd3-serebristyi-108645898/?c=710000000,Ноутбук Apple MacBook Pro 16 2023 MNWD3 серебристый,1 699 990 ₸,107 553 ₸,16.2 дюйм,"3456x2234, Liquid Retina XDR",120 Гц,miniLED,Apple M2 Pro,Apple M2 Pro 19-Core,16 ГБ,SSD,1024 ГБ
295,https://kaspi.kz/shop/p/hp-elitebook-850-g8-4l097ea-serebristyi-107416787/?c=710000000,Ноутбук HP Elitebook 850 G8 4L097EA серебристый,779 890 ₸,49 341 ₸,15.6 дюйм,1920x1080 Full HD,60 Гц,IPS,Intel Core i7 1165G7,Intel Iris Xe,16 ГБ,SSD,512 ГБ
296,https://kaspi.kz/shop/p/msi-gf63-thin-11uc-1026xkz-chernyi-105597740/?c=710000000,Ноутбук MSI GF63 Thin 11UC-1026XKZ черный,523 235 ₸,33 104 ₸,15.6 дюйм,1920x1080 Full HD,144 Гц,IPS,Intel Core i5-11400H,NVIDIA GeForce RTX 3050,16 ГБ,SSD,512 ГБ
297,https://kaspi.kz/shop/p/hp-omen-16-c0055ur-4z2s2ea-acb-serebristyi-106919809/?c=710000000,Ноутбук HP Omen 16-c0055ur 4Z2S2EA#ACB серебристый,814 990 ₸,51 562 ₸,16.1 дюйм,1920x1080,144 Гц,IPS,AMD Ryzen 9 5900HX,AMD Radeon RX 6600M,16 ГБ,SSD,1024 ГБ
298,https://kaspi.kz/shop/p/acer-nitro-5-an515-46-nh-qgzer-009-chernyi-106111851/?c=710000000,Ноутбук Acer Nitro 5 AN515-46 NH.QGZER.009 черный,749 990 ₸,47 450 ₸,15.6 дюйм,1920x1080,144 Гц,IPS,AMD Ryzen 7 6800H,NVIDIA GeForce RTX 3060,16 ГБ,SSD,1024 ГБ
299,https://kaspi.kz/shop/p/lenovo-legion-5-15ach6h-82ju018wrk-sinii-106138942/?c=710000000,Ноутбук Lenovo Legion 5 15ACH6H 82JU018WRK синий,829 990 ₸,52 511 ₸,15.6 дюйм,1920x1080 Full HD,165 Гц,IPS,AMD Ryzen 7 5800H,NVIDIA GeForce RTX 3070,16 ГБ,SSD,2048 ГБ
300,https://kaspi.kz/shop/p/hp-omen-16-c0038ur-4s1a6ea-acb-serebristyi-106111832/?c=710000000,Ноутбук HP Omen 16-c0038ur 4S1A6EA#ACB серебристый,954 990 ₸,60 419 ₸,16.1 дюйм,2560x1440,165 Гц,IPS,AMD Ryzen 9 5900HX,NVIDIA GeForce RTX 3070,16 ГБ,SSD,1000 ГБ
301,https://kaspi.kz/shop/p/asus-tuf-gaming-f15-90nr0704-m00d00-chernyi-107230798/?c=710000000,Ноутбук ASUS TUF Gaming F15 90NR0704-M00D00 черный,559 990 ₸,35 429 ₸,15.6 дюйм, 1920x1080,144 Гц,IPS,Intel Core i5 11400H,NVIDIA GeForce RTX 3050 Ti,16 ГБ,SSD,512 ГБ
302,https://kaspi.kz/shop/p/lenovo-legion-5-15iah7h-82rb00pfrk-seryi-108680002/?c=710000000,Ноутбук Lenovo Legion 5 15IAH7H 82RB00PFRK серый,959 990 ₸,60 736 ₸,15.6 дюйм,1920x1080 Full HD,144 Гц,IPS,Intel Core i7 12700H,NVIDIA GeForce RTX 3070,16 ГБ,SSD,1000 ГБ
303,https://kaspi.kz/shop/p/hp-elitebook-850-g8-401f1ea-serebristyi-106602802/?c=710000000,Ноутбук HP EliteBook 850 G8 401F1EA серебристый,625 856 ₸,39 596 ₸,15.6 дюйм,1920x1080,60 Гц,IPS,Intel Core i5 1135G7,Intel Iris Xe Graphics,16 ГБ,SSD,512 ГБ
304,https://kaspi.kz/shop/p/acer-nitro-5-an515-45-nh-qbcer-005-chernyi-106111779/?c=710000000,Ноутбук Acer Nitro 5 AN515-45 NH.QBCER.005 черный,659 990 ₸,41 756 ₸,15.6 дюйм,1920x1080,144 Гц,IPS, AMD Ryzen 5 5600H,NVIDIA GeForce RTX 3060,16 ГБ,SSD,512 ГБ
305,https://kaspi.kz/shop/p/acer-aspire-7-a715-51g-nh-qgder-004-chernyi-106874696/?c=710000000,Ноутбук Acer Aspire 7 A715-51G NH.QGDER.004 черный,579 990 ₸,36 694 ₸,15.6 дюйм,1920x1080 Full HD,144 Гц,IPS,Intel Core i3 1240P,NVIDIA GeForce RTX 3050 Ti,16 ГБ,SSD,512 ГБ
306,https://kaspi.kz/shop/p/acer-nitro-5-an515-46-nh-qgzer-002-chernyi-106111794/?c=710000000,Ноутбук Acer Nitro 5 AN515-46 NH.QGZER.002 черный,699 990 ₸,44 286 ₸,15.6 дюйм,1920x1080,144 Гц,IPS,AMD Ryzen 5 6600H,NVIDIA GeForce RTX 3060,16 ГБ,SSD,512 ГБ
307,https://kaspi.kz/shop/p/lenovo-legion-5-pro-16ach6h-82jq010brk-seryi-106138890/?c=710000000,Ноутбук Lenovo Legion 5 Pro 16ACH6H 82JQ010BRK серый,794 990 ₸,50 297 ₸,16 дюйм,2560x1600 WQXGA,165 Гц,IPS,AMD Ryzen 5 5600H,NVIDIA GeForce RTX 3060,16 ГБ,SSD,1024 ГБ
308,https://kaspi.kz/shop/p/lenovo-ideapad-gaming-3-15ihu6-82k10191rk-chernyi-105919507/?c=710000000,Ноутбук Lenovo IdeaPad Gaming 3 15IHU6 82K10191RK черный,519 990 ₸,32 898 ₸,15.6 дюйм,1920x1080 Full HD,60 Гц,IPS,Intel Core i5 11320H ,NVIDIA GeForce RTX 3050 Ti,16 ГБ,SSD,512 ГБ
309,https://kaspi.kz/shop/p/hp-omen-16-c0015ur-67h23ea-acb-serebristyi-105411321/?c=710000000,Ноутбук HP Omen 16-c0015ur 67H23EA#ACB серебристый,949 990 ₸,60 103 ₸,16.1 дюйм,1920x1080,144 Гц,IPS,AMD Ryzen 7 5800H,NVIDIA GeForce RTX 3070,16 ГБ,SSD,1024 ГБ
310,https://kaspi.kz/shop/p/hp-envy-x360-touch-15-eu0015ur-633w7ea-chernyi-106944543/?c=710000000,Ноутбук HP ENVY x360 Touch 15-eu0015ur 633W7EA черный,559 990 ₸,35 429 ₸,15.6 дюйм,1920x1080 Full HD,60 Гц,IPS,AMD Ryzen 7 5700U,AMD Radeon Graphics,16 ГБ,SSD,512 ГБ
311,https://kaspi.kz/shop/p/hp-victus-16-e0121ur-5a9g9ea-serebristyi-107490557/?c=710000000,Ноутбук HP Victus 16-e0121ur 5A9G9EA серебристый,729 990 ₸,46 184 ₸,16.1 дюйм,1920x1080 Full HD,144 Гц,IPS,AMD Ryzen 7 5800H,NVIDIA GeForce RTX 3060,16 ГБ,SSD,1024 ГБ
312,https://kaspi.kz/shop/p/acer-aspire-7-a715-51g-nh-qhuer-004-chernyi-107658642/?c=710000000,Ноутбук Acer Aspire 7 A715-51G NH.QHUER.004 черный,699 990 ₸,44 286 ₸,15.6 дюйм,1920x1080 Full HD,144 Гц,IPS,Intel Core i7 1260P,GeForce RTX 3050 Ti,16 ГБ,SSD,512 ГБ
313,https://kaspi.kz/shop/p/hp-victus-16-e0148ur-638f3ea-serebristyi-107490665/?c=710000000,Ноутбук HP Victus 16-e0148ur 638F3EA серебристый,609 990 ₸,38 592 ₸,16.1 дюйм,1920x1080 Full HD,144 Гц,IPS,AMD Ryzen 5 5600H,NVIDIA GeForce RTX 3060,16 ГБ,SSD,512 ГБ
314,https://kaspi.kz/shop/p/acer-swift-x-sfx-16-51g-nx-ayler-003-seryi-106874126/?c=710000000,Ноутбук Acer Swift X SFX-16-51G NX.AYLER.003 серый,599 990 ₸,37 960 ₸,16.1 дюйм,1920x1080 Full HD,60 Гц,LCD,Intel Core i5 11320H,NVIDIA GeForce RTX 3050 Ti,16 ГБ,SSD,512 ГБ
315,https://kaspi.kz/shop/p/lenovo-thinkpad-t16-gen-1-21bv009jrt-chernyi-108519571/?c=710000000,Ноутбук Lenovo ThinkPad T16 Gen 1 21BV009JRT черный,1 194 969 ₸,75 602 ₸,16 дюйм,1920x1200 Full HD+,60 Гц,IPS,Intel Core i7 1255U,Intel Iris Xe,16 ГБ,SSD,1024 ГБ
316,https://kaspi.kz/shop/p/acer-nitro-5-an515-46-nh-qgxer-002-chernyi-108212869/?c=710000000,Ноутбук Acer Nitro 5 AN515-46 NH.QGXER.002 черный,629 990 ₸,39 858 ₸,15.6 дюйм,1920x1080 Full HD,144 Гц,IPS,AMD Ryzen 7 6800H,NVIDIA GeForce RTX 3050,16 ГБ,SSD,512 ГБ
317,https://kaspi.kz/shop/p/asus-tuf-dash-f15-fx516pe-90nr0641-m00560-chernyi-101405400/?c=710000000,Ноутбук ASUS TUF Dash F15 FX516PE 90NR0641-M00560 черный,799 990 ₸,50 613 ₸,15.6 дюйм,"1920x1080, широкоформатный",144 Гц,IPS,Intel Core i7 11370H,NVIDIA GeForce RTX 3050 Ti,16 ГБ,SSD,512 ГБ
318,https://kaspi.kz/shop/p/lenovo-legion-5-82rb00nvrk-seryi-108356431/?c=710000000,Ноутбук Lenovo Legion 5 82RB00NVRK серый,749 990 ₸,47 450 ₸,15.6 дюйм,1920x1080 Full HD,144 Гц,IPS,Intel Core i5 12500H,NVIDIA GeForce RTX 3060,16 ГБ,SSD,512 ГБ
319,https://kaspi.kz/shop/p/acer-predator-helios-300-ph315-55-nh-qgmer-004-chernyi-107847515/?c=710000000,Ноутбук Acer Predator Helios 300 PH315-55 NH.QGMER.004 черный,1 199 990 ₸,75 920 ₸,15.6 дюйм,1920x1080,165 Гц,IPS,Intel Core i7 12700H ,NVIDIA GeForce RTX 3080,16 ГБ,SSD,1000 ГБ
320,https://kaspi.kz/shop/p/lenovo-ideapad-gaming-3-16arh7-82sc006frk-seryi-108635045/?c=710000000,Ноутбук Lenovo IdeaPad Gaming 3 16ARH7 82SC006FRK серый,786 095 ₸,49 734 ₸,16 дюйм,1920x1200 Full HD+,165 Гц,IPS,AMD Ryzen 7 6800H,NVIDIA GeForce RTX 3050 Ti,16 ГБ,SSD,1024 ГБ
321,https://kaspi.kz/shop/p/acer-an515-57-558x-nh-qfger-009-chernyi-107576760/?c=710000000,Ноутбук Acer AN515-57-558X NH.QFGER.009 черный,759 990 ₸,48 082 ₸,15.6 дюйм,1920x1080 Full HD,144 Гц,IPS,Intel Core i5 11400H,NVIDIA GeForce RTX 3070,16 ГБ,SSD,512 ГБ
322,https://kaspi.kz/shop/p/acer-nitro-5-an515-45-nh-qbser-00d-chernyi-107798631/?c=710000000,Ноутбук Acer Nitro 5 AN515-45 NH.QBSER.00D черный,1 049 990 ₸,66 430 ₸,15.6 дюйм,1920x1080 Full HD,144 Гц,IPS,Ryzen 7 5800H,NVidia GeForce RTX 3080,16 ГБ,SSD,512 ГБ
323,https://kaspi.kz/shop/p/lenovo-thinkbook-16-g4-iap-21cy0010ru-seryi-108464017/?c=710000000,Ноутбук Lenovo ThinkBook 16 G4+ IAP 21CY0010RU серый,899 766 ₸,56 926 ₸,16 дюйм,2560x1600 WQXGA,60 Гц,IPS,Intel Core i7-1260P,Intel Iris Xe Graphics,16 ГБ,SSD,1000 ГБ
324,https://kaspi.kz/shop/p/lenovo-legion-5-15imh6-82nl00bxrk-chernyi-107673298/?c=710000000,Ноутбук Lenovo Legion 5 15IMH6 82NL00BXRK черный,629 990 ₸,39 858 ₸,15.6 дюйм,1920x1080 Full HD,120 Гц,IPS,Intel Core i7 10750H,NVIDIA GeForce RTX 3050,16 ГБ,SSD,512 ГБ
325,https://kaspi.kz/shop/p/lenovo-legion-7-16achg6-82n6001mrk-seryi-106887805/?c=710000000,Ноутбук Lenovo Legion 7 16ACHg6 82N6001MRK серый,1 299 990 ₸,82 246 ₸,16 дюйм,2560x1600 WQXGA,165 Гц,IPS,AMD Ryzen 7 5800H,NVIDIA GeForce RTX 3080,16 ГБ,SSD,1000 ГБ
